Current_Word,Next_Word,Levenshtein_distance
Older,PCs,5
PCs,Preventon,8
Preventon,PC,8
PC,PCs,1
PCs,Paul,3
Paul,Goosens,7
Goosens,Preventon,7
Preventon,BBC,9
BBC,News,4
News,Programs,7
Programs,Mr,7
Mr,Goosens,7
Goosens,Security,8
Security,High-profile,10
High-profile,Without,9
Without,PCs,7
PCs,Symantec,8
Symantec,Viruses,7
Viruses,Programs,7
Programs,Eastern,8
Eastern,Europe,6
Europe,Mr,5
Mr,Goosens,7
Goosens,UK,7
UK,July,4
July,UK,4
UK,Office,6
Office,National,7
National,Statistics,7
Speak,Music,5
Music,US,5
US,ScanSoft,7
ScanSoft,Gracenote,7
Gracenote,Huge,8
Huge,Ross,4
Ross,Blanchard,9
Blanchard,Gracenote,8
Gracenote,Gracenote,0
Gracenote,Apples,8
Apples,Users,5
Users,Alan,5
Alan,Schwartz,7
Schwartz,SpeechWorks,7
SpeechWorks,ScanSoft,9
ScanSoft,Gracenotes,8
Gracenotes,English,9
English,Users,6
Users,Portable,8
Portable,Apple,6
Apple,Elvis,5
Elvis,Presley,7
US,US,0
US,New,3
New,Yorker,5
Yorker,William,7
William,Trowbridge,9
Trowbridge,Texan,9
Texan,Michael,6
Michael,Chicoine,6
Chicoine,August,8
August,FBI,6
FBI,US,3
US,Department,10
Department,Justice,9
Justice,Direct,6
Direct,Connect,4
Connect,Underground,10
Underground,Network,9
Network,Direct,7
Direct,Connect,4
Connect,Users,6
Users,FBI,5
FBI,Operation,9
Operation,Digital,8
Digital,Gridlock,7
Gridlock,August,8
August,Five,6
Five,Department,9
Department,Justice,9
Justice,April,6
Sony,PSP,4
PSP,US,2
US,March,5
March,US,5
US,Sonys,5
Sonys,PlayStation,10
PlayStation,Portable,8
Portable,March,7
March,Europe,5
Europe,Spider-Man,9
Spider-Man,UMD,9
UMD,Sony,4
Sony,Walkman,7
Walkman,Century,7
Century,Japan,7
Japan,Sony,5
Sony,Nintendo,7
Nintendo,DS,8
DS,Japan,5
Japan,US,5
US,Sony,4
Sony,PSP,4
PSP,Europe,6
Europe,US,6
US,Nintendo,8
Nintendo,DS,8
DS,Europe,6
Europe,March,5
March,Kaz,4
Kaz,Hirai,4
Hirai,Sony,5
Sony,Computer,7
Computer,Entertainment,11
Entertainment,America,10
Rivals,Apple,5
Apple,Mac,5
Mac,Apple,5
Apple,Mac,5
Mac,PCs,3
PCs,Dotlife,7
Dotlife,Macintosh,9
Macintosh,Apple,9
Apple,Mac,5
Mac,Mini,3
Mini,Power,5
Power,PC,4
PC,CD,2
CD,USB,3
USB,Firewire,8
Firewire,Ethernet,7
Ethernet,Mac,8
Mac,OS,3
OS,X,2
X,Apple,5
Apple,GarageBand,9
GarageBand,DVD,10
DVD,Wireless,8
Wireless,Apple,6
Apple,PC,5
PC,Apple,5
Apple,Compact,6
Compact,Mac,5
Mac,Apple,5
Apple,Mac,5
Mac,Macs,1
Macs,PC,4
PC,Mac,3
Mac,Mini,3
Mini,Macintosh,6
Macintosh,Apple,9
Apple,PC,5
PC,Intel,5
Intel,Celeron,6
Celeron,CD,6
CD,USB,3
USB,Ethernet,8
Ethernet,Theres,4
Theres,Windows,6
Windows,XP,7
XP,DVD,3
DVD,Wireless,8
Wireless,Homes,6
Homes,Cost,4
Cost,Dell,4
Dell,Dell,0
Dell,Dell,0
Dell,Mac,4
Mac,Mini,3
Mini,PC,4
PC,Pro,2
Pro,VAT,3
VAT,PC,3
PC,PC,0
PC,Pro,2
Pro,AMD,3
AMD,Sempron,7
Sempron,Ram,6
Ram,DVD,3
DVD,Windows,7
Windows,XP2,7
XP2,Much,4
Much,Firewire,8
Firewire,JAL,8
JAL,Nick,4
Nick,Ross,4
Ross,PC,4
PC,Pro,2
Pro,PC,2
PC,Interest,8
Interest,PC,8
PC,AMD,3
AMD,Athlon,5
Athlon,XP,6
XP,Ram,3
Ram,Ram,0
Ram,TV,3
TV,GB,2
GB,CD-writer,9
CD-writer,DVD,8
DVD,Windows,7
Windows,XP,7
XP,Home,4
Home,Anything,8
Anything,Building,5
Building,Experienced,9
Experienced,PC,11
PC,Building,8
Building,PC,8
PC,Gavin,5
Gavin,Cox,5
Cox,PC,3
PC,Mac,3
Mac,Mac,0
Mac,Gavin,4
Gavin,Cox,5
Cox,Mr,3
Mr,Cox,3
Cox,Mac,3
Warning,Net,7
Net,Disasters,8
Disasters,Emergency,9
Emergency,Committee,9
Committee,However,7
However,DEC,7
DEC,Tsunami,7
Tsunami,Earthquake,9
Earthquake,Appeal,9
Appeal,Patricia,8
Patricia,Sanders,7
Sanders,Disaster,6
Disaster,Emergency,9
Emergency,Committee,9
Committee,Computer,4
Computer,Crime,6
Crime,Unit,4
Unit,Scotland,7
Scotland,Yard,6
Yard,Romania,6
Romania,Ms,7
Ms,Sanders,6
Sanders,DEC,7
DEC,US,3
US,DEC,3
DEC,BT,3
BT,DECs,4
DECs,Ms,3
Ms,Sanders,6
Sanders,DECs,6
DECs,DEC,1
DEC,BBC,2
BBC,News,4
News,None,3
None,One,2
One,January,6
January,Netherlands,10
Netherlands,Nigerian,6
Nigerian,Sophos,8
Sophos,January,7
January,Another,7
Another,Zar,6
Zar,Microsofts,9
Microsofts,Outlook,8
Outlook,Anyone,6
Intel,Intel,0
Intel,Scientists,8
Scientists,Intel,8
Intel,Intel,0
Intel,Dr,5
Dr,Mario,4
Mario,Paniccia,6
Paniccia,Intels,7
Intels,Writing,6
Writing,Nature,6
Nature,Dr,5
Dr,Paniccia,8
Paniccia,Haisheng,7
Haisheng,Rong,6
Rong,Richard,6
Richard,Jones,7
Jones,Ansheng,6
Ansheng,Liu,7
Liu,Oded,4
Oded,Cohen,4
Cohen,Dani,5
Dani,Hak,3
Hak,Alexander,8
Alexander,Fang,7
Fang,Currently,8
Currently,Dr,8
Dr,Paniccia,8
Paniccia,Telecommunications,14
Telecommunications,Dr,18
Dr,Paniccia,8
Paniccia,Dr,8
Dr,Paniccia,8
Paniccia,Intel,7
Intel,Even,4
Even,Semi-conductor,13
Semi-conductor,Dr,13
Dr,Paniccia,8
Britons,PC,7
PC,Pro,2
Pro,Magazine,8
Magazine,Britons,7
Britons,BT,6
BT,UKs,3
UKs,Tim,3
Tim,Danton,6
Danton,PC,6
PC,Pro,2
Pro,Magazine,8
Magazine,Every,8
Every,BT,5
BT,Tiscali,7
Tiscali,Broadband,8
Broadband,Tim,9
Tim,Danton,6
Danton,PC,6
PC,Pro,2
Pro,Ofcom,4
Ofcom,UK,5
UK,Mr,2
Mr,Danton,6
Junk,Spam,4
Spam,Email,4
Email,Systems,7
Systems,Virus,6
Virus,Email,5
Email,Systems,7
Systems,UK-based,8
UK-based,January,7
January,Email,6
Email,Systems,7
Systems,Half,7
Half,Christmas,9
Christmas,Scam,8
Scam,Neil,4
Neil,Hammerton,8
Hammerton,Email,8
Email,Systems,7
Apple,Mac,5
Mac,Mac,0
Mac,Apple,5
Apple,PC,5
PC,Apple,5
Apple,Mac,5
Mac,Mac,0
Mac,Apple,5
Apple,Mac,5
Mac,Jonny,5
Jonny,Evans,4
Evans,Macworld,8
Macworld,Mr,6
Mr,Evans,5
Evans,Apple,5
Apple,Already,6
Already,PC,7
PC,Interest,8
Interest,Macworld,8
Macworld,Apples,8
Apples,According,8
According,Netcraft,8
Netcraft,Apple,8
Apple,Mr,5
Mr,Jobs,4
Jobs,Macworld,7
Macworld,Expo,7
Expo,PC,4
PC,Nick,4
Nick,Ross,4
Ross,PC,4
PC,Pro,2
Pro,Apples,6
Apples,Mac,6
Mac,Mac,0
Mac,Mr,2
Mr,Ross,4
Ross,Ian,4
Ian,Fogg,4
Fogg,Jupiter,7
Jupiter,Research,8
Research,Mac,6
Mac,Mac,0
Mac,Apple,5
Apple,But,5
But,Mac,3
Mac,Apple,5
Apple,Apple,0
Apple,Mac,5
Mac,UK,3
UK,US,1
US,Adding,6
Adding,January,7
January,Mr,6
Mr,Fogg,4
Fogg,Apple,5
Apple,Mac,5
Mac,Mr,2
Mr,Fogg,4
Fogg,PC,4
PC,Mac,3
Mac,Mac,0
Mac,LCD,3
LCD,LCD,0
LCD,Mac,3
Mac,Mac,0
Mac,Mr,2
Mr,Fogg,4
Fogg,Mac,4
Mac,TV,3
TV,Said,4
Said,Mr,4
Mr,Fogg:,5
Fogg:,One,5
One,Brian,5
Brian,Gammage,6
Gammage,Gartner,5
Gartner,Although,8
Although,Mac,8
Mac,Apple,5
Apple,PCs,5
PCs,Also,3
Also,PC,4
PC,Apple,5
Apple,Mr,5
Mr,Gammage,7
Gammage,Mac,6
Looks,Mobile,5
Mobile,Gartner,6
Gartner,Gartner,0
Gartner,Good,6
Good,Although,7
Although,Gartner,8
Gartner,Japan,5
Japan,Europe,6
Europe,Carolina,6
Carolina,Milanesi,8
Milanesi,BBC,8
BBC,News,4
News,America,6
America,European,7
European,TV,8
TV,European,8
European,US,8
US,Gartner,7
Gartner,Gartner,0
Gartner,Third,7
Third,Ms,5
Ms,Milanesi,6
Milanesi,Motorola,7
Motorola,Razr,7
Razr,V3,4
V3,Europe,6
Europe,Ms,6
Ms,Milanesi,6
Milanesi,Juniper,7
Juniper,Research,8
Research,Sony,8
Sony,Ericsson,7
Ericsson,Walkman,7
Walkman,W800,6
W800,July,4
July,Motorola,7
Motorola,Apple,7
Apple,Motorola,7
Motorola,Apple,7
Apple,Motorolas,8
Motorolas,Ms,7
Ms,Milanesi,6
Format,Technology,9
Technology,Sony,8
Sony,Philips,7
Philips,Matsushita,9
Matsushita,Samsung,7
Samsung,Currently,8
Currently,Systems,8
Systems,Digital,7
Digital,Rights,4
Rights,Management,9
Management,Called,8
Called,Marlin,4
Marlin,Joint,5
Joint,Development,8
Development,Association,11
Association,Marlin,9
Marlin,Intertrust,9
Intertrust,DRM,10
DRM,Coral,5
Coral,Consortium,7
Consortium,Apple,10
Apple,Microsoft,9
Microsoft,Confusingly,10
Confusingly,Microsoft,10
Microsoft,Apple,9
Apple,DRM,5
DRM,Betamax,7
Betamax,VHS,7
VHS,Ian,3
Ian,Fogg,4
Fogg,Jupiter,7
Jupiter,Research,8
Research,Mr,7
Mr,Fogg,4
Fogg,DRM,4
DRM,Although,8
Although,Microsofts,9
Microsofts,Sure,9
Sure,Shelley,5
Shelley,Taylor,6
Taylor,Apples,5
Apples,Apple,1
Apple,Ms,5
Ms,Taylor,6
Taylor,Cory,5
Cory,Doctorow,6
Doctorow,European,8
European,Electronic,8
Electronic,Frontier,8
Frontier,Foundation,6
Foundation,Marlin,8
Marlin,DRM,6
DRM,Instead,7
Instead,Mr,7
Mr,Doctorow,7
Doctorow,DRM,7
DRM,American,8
American,UK,8
Latest,Opera,5
Opera,Net,4
Net,Opera,4
Opera,IBM,5
IBM,Windows,7
Windows,Opera,7
Opera,Opera,0
Opera,Berit,4
Berit,Hanson,6
Hanson,Another,7
Another,Opera,6
Opera,Ms,5
Ms,Hanson,5
Hanson,Unlike,6
Unlike,Opera,6
Opera,Around,6
Around,English,7
English,Opera,7
Opera,Opera,0
Opera,Norwegian,7
Norwegian,Telenor,8
Mobile,BBC,6
BBC,News,4
News,Part,4
Part,Monday,6
Monday,Reviews,7
Reviews,Call,7
Call,Duty,4
Duty,Splinter,7
Splinter,Cell,7
Cell,Pandora,7
Pandora,Tomorrow,7
Tomorrow,Lord,6
Lord,Rings,5
Rings,Pocket,6
Pocket,Kingdom,7
Kingdom,Monday,5
Monday,Snake,5
Snake,Even,5
Even,Nokias,6
Nokias,N-Gage,5
N-Gage,GameBoy,6
GameBoy,Life,6
Life,Wireless,6
Wireless,Gaming,8
Gaming,Review,5
Review,UK,6
UK,PC,2
PC,Space,5
Space,Invaders,6
Invaders,Lunar,6
Lunar,Lander,3
Lander,Bejewelled,9
Bejewelled,Colin,9
Colin,McRae,5
McRae,Rally,5
Rally,PCs,5
PCs,Rarely,6
Rarely,Increasingly,8
Increasingly,Wap,11
Wap,Far,2
Far,Almost,6
Almost,Java,6
Java,Many,3
Many,Usually,5
Usually,Bluetooth,8
Bluetooth,FAST,9
FAST,FURIOUS,6
FURIOUS,BRIDGES,5
BRIDGES,Im,6
Im,Winning,7
Winning,Graphically,10
Graphically,FATAL,11
FATAL,FORCE,4
FORCE,Earth,5
Earth,Graphics,7
Graphics,Fatal,7
Fatal,Force,4
Force,Weapons,7
Weapons,Matrix-style,11
Matrix-style,Bluetooth,11
Bluetooth,Online,9
Mobiles,Games,5
Games,Finnish,6
Finnish,Nokia,6
Nokia,Visual,5
Visual,Radio,6
Radio,FM,5
FM,DAB,3
DAB,Digital,6
Digital,Radio,6
Radio,One,5
One,Visual,6
Visual,Radio,6
Radio,Reidar,4
Reidar,Wasenius,7
Wasenius,Nokia,7
Nokia,Visual,5
Visual,Radio,6
Radio,Visual,6
Visual,Radio,6
Radio,Possible,7
Possible,Visual,6
Visual,Radio,6
Radio,GPRS,5
GPRS,Mr,4
Mr,Wasenius,8
Wasenius,One,7
One,Nokia,5
Nokia,Visual,5
Visual,Radio-enabled,10
Radio-enabled,Visual,10
Visual,Radio,6
Radio,Visual,6
Visual,Radio,6
Radio,UK,5
UK,Virgin,6
Virgin,Radio,5
Radio,Station,4
Station,Steve,5
Steve,Taylor,6
Taylor,Initially,8
Initially,Visual,6
Visual,Radio,6
Radio,Nokia,4
Nokia,Listen,6
Listen,Radio,6
Radio,Five,5
Five,Live,1
Hotspot,People,6
People,Wireless,6
Wireless,Broadreach,9
Broadreach,Skype,9
Skype,UK,5
UK,Users,4
Users,Skype,5
Skype,Skype,0
Skype,PC-based,7
PC-based,Skype,7
Skype,Users,5
Users,Skype,5
Skype,Skype,0
Skype,In,5
In,London-based,11
London-based,Connectotel,9
Connectotel,SMS,11
SMS,Skype,4
Skype,Broadreach,9
Broadreach,Networks,9
Networks,Virgin,8
Virgin,Megastores,10
Megastores,Travelodge,9
Travelodge,Londons,9
Londons,Virgin,6
Virgin,Trains,4
Trains,Skype,6
Skype,Broadreach,9
Broadreach,Magnus,9
Magnus,McEwen-King,9
DVDs,First,4
First,DVD,5
DVD,Hollywood,9
Hollywood,High-definition,13
High-definition,DVD,15
DVD,DVDs,1
DVDs,Rick,4
Rick,Dean,4
Dean,THX,4
THX,Star,4
Star,Wars,3
Wars,DVD,4
DVD,Finding,7
Finding,Nemo,7
Nemo,Incredibles,10
Incredibles,Indiana,7
Indiana,Jones,7
Jones,BBC,5
BBC,News,4
News,DVD,4
DVD,DVD,0
DVD,High-definition,15
High-definition,DVDs,15
DVDs,DVDs,0
DVDs,DVD,1
DVD,DVDs,1
DVDs,Mr,4
Mr,Dean,4
Dean,HD,4
HD,High-definition,14
High-definition,DVDs,15
DVDs,Equally,7
Equally,Hollywood,8
Hollywood,DVD,9
DVD,Mr,3
Mr,Dean,4
Dean,DVDs,3
DVDs,Studios,6
Studios,DVDs,6
DVDs,Currently,9
Currently,DVD,9
DVD,Mr,3
Mr,Dean,4
Dean,Although,8
Although,Mr,8
Mr,Dean,4
Dean,One,4
One,DVD,3
DVD,Star,4
Star,Wars,3
Wars,Mr,3
Mr,Dean,4
Dean,DVD,3
DVD,Mr,3
Mr,Dean,4
Dean,High-definition,13
High-definition,DVD,15
DVD,HD,2
HD,Star,4
Star,Wars,3
Wars,Episode,6
Episode,I,7
I,HD,2
HD,Episode,7
Episode,I,7
I,Mr,2
Mr,Dean,4
Dean,Star,3
Star,Wars,3
Wars,Death,4
Death,Star],4
Star],IP,5
IP,DVD-like,8
DVD-like,Mr,8
Mr,Dean,4
Bill,Thompson,8
Thompson,Cambridge,9
Cambridge,Chip,7
Chip,Intel,5
Intel,Apart,5
Apart,One,5
One,Europe,5
Europe,August,5
August,Waste,5
Waste,Electronic,9
Electronic,Electrical,4
Electrical,Equipment,9
Equipment,Redesigning,9
Redesigning,Were,9
Were,Apple,4
Apple,Mac,5
Mac,Mini,3
Mini,PC,4
PC,Even,4
Even,Apple,5
Apple,Ive,4
Ive,PC,3
PC,Sun,3
Sun,Cambridge,9
Cambridge,Would,8
Would,Id,4
Id,Bill,4
Bill,Thompson,8
Thompson,BBC,8
BBC,World,5
World,Service,6
Service,Go,7
Go,Digital,7
Gamers,TV,6
TV,HD,2
HD,Japan,5
Japan,US,5
US,CDs,3
CDs,Different,9
Different,HD,9
HD,Europes,7
Europes,Europeans,2
Europeans,HDTV,9
HDTV,HD,2
HD,HD,0
HD,Dr,2
Dr,Mark,3
Mark,Tuffy,5
Tuffy,THX,4
THX,BBC,3
BBC,News,4
News,HD,4
HD,HDTVs,3
HDTVs,Chris,4
Chris,Deering,5
Deering,Sonys,7
Sonys,European,7
European,European,0
European,HDTV,8
HDTV,Datamonitor,11
Datamonitor,Europe,10
Europe,Satellite,8
Satellite,BSkyB,9
BSkyB,HDTV,5
HDTV,BBC,4
BBC,HD,3
HD,TV,2
TV,TV,0
TV,UK,2
UK,TV,2
TV,HD,2
HD,TV,2
TV,UK,2
UK,TV,2
TV,HD,2
HD,Dr,2
Dr,Tuffy,5
Tuffy,HD,5
HD,Demographics,12
Demographics,HD,12
HD,Higher,5
Higher,HD-DVD,5
HD-DVD,HD,4
HD,Dr,2
Dr,Tuffy,5
Tuffy,PC,5
PC,Lord,4
Lord,Rings,5
Rings,CGI,5
CGI,DVD,3
DVD,HD,2
HD,Dr,2
Dr,Tuffy,5
Web,Spanish,7
Spanish,Spin,4
Spin,US,4
US,Spanish-language,16
Spanish-language,Spanish-language,0
Spanish-language,Hip-hop,14
Hip-hop,Spanish-speaking,14
Spanish-speaking,US,16
US,Los,3
Los,Caballeros,8
Caballeros,Plan,9
Plan,G,4
G,Mexicos,7
Mexicos,Monterrey,8
Monterrey,Mexican,8
Mexican,Spanish-speaking,13
Spanish-speaking,Spanish,9
Spanish,Manuel,5
Manuel,Millan,5
Millan,San,4
San,Diego,5
Diego,California,9
California,Spanish,9
Spanish,Millan,7
Millan,Los,6
Los,Caballeros,8
Caballeros,Plan,9
Plan,G,4
G,Mainstream,10
Mainstream,So,10
So,Millan,6
Millan,Spanish,7
Spanish,English,4
English,Spanish,4
Spanish,DJs,6
DJs,Suddenly,8
Suddenly,Los,8
Los,Caballeros,8
Caballeros,Plan,9
Plan,G,4
G,Spanish,7
Spanish,Millan,7
Millan,Argentinas,9
Argentinas,Mustafa,8
Mustafa,Yoda,6
Yoda,Mustafa,6
Mustafa,Yoda,6
Yoda,Eminem,6
Eminem,Argentina,8
Argentina,Latin,6
Latin,American,6
American,Millan,6
Millan,Spanish-speaking,13
Spanish-speaking,Currently,15
Currently,Chilean,7
Chilean,Makisa,6
Makisa,Cuban,6
Cuban,Papo,5
Papo,Record,5
Record,Millan,6
Millan,Latinohiphopradiocom,18
Latinohiphopradiocom,Spanish,17
Spanish,Right,6
Right,Mexico,6
Mexico,Spain,5
Spain,Spain,0
Spain,Spanish-language,11
Spanish-language,Millan,12
Millan,Spain,5
Spain,United,6
United,States,4
States,France,5
France,Latin,5
Latin,American,6
American,Spaniard,7
Spaniard,Tote,8
Tote,King,4
King,Manuel,5
Manuel,Millan,5
Millan,Spain,5
Spain,Uno,5
Uno,Contra,5
Contra,Veinte,5
Veinte,Emcees,6
Emcees,One,5
One,Emcees,5
Emcees,Tote,5
Tote,King,4
King,Spain,4
Spain,Millan,5
Millan,Latinohiphopradiocom,18
Latinohiphopradiocom,Millan,18
Millan,Spanish,7
Spanish,Clark,6
Clark,Boyd,5
Boyd,World,3
World,BBC,5
BBC,World,5
World,Service,6
Service,WGBH-Boston,11
Cabs,Gadgets,5
Gadgets,London,7
London,PDAs,6
PDAs,Palms,3
Palms,Pocket,5
Pocket,PCs,5
PCs,Even,4
Even,Jemima,6
Jemima,Khan,6
Khan,Hugh,4
Hugh,Grant,5
Grant,Londoners,8
Londoners,Licensed,7
Licensed,Taxi,8
Taxi,Drivers,7
Drivers,Association,10
Association,Pointsec,8
Pointsec,London,6
London,Oslo,5
Oslo,Munich,6
Munich,Paris,5
Paris,Stockholm,9
Stockholm,Copenhagen,9
Copenhagen,Chicago,7
Chicago,Sydney,7
Sydney,Danes,4
Danes,Germans,5
Germans,Norwegians,6
Norwegians,Swedes,7
Swedes,Top,6
Top,Given,5
Given,PC,5
PC,Equally,7
Equally,Retrofone,9
Retrofone,Britons,6
Britons,Mobile,7
Mobile,Equipment,7
Equipment,National,8
National,Database,6
Database,ID,8
ID,According,9
According,Millions,8
Millions,Transport,8
Transport,London,7
Digital,UK,7
UK,TV,2
TV,UKs,3
UKs,TV,3
TV,Europe,6
Europe,Jupiter,5
Jupiter,Research,8
Research,UK,8
UK,Europeans,9
Europeans,TV,9
TV,Scandinavians,13
Scandinavians,UK,13
UK,TV,2
TV,Ofcom,5
Ofcom,European,7
European,Greece,6
Greece,Digital,7
Digital,Life,6
Life,Index,4
Index,Scandinavian,10
Scandinavian,Sweden,9
Sweden,Denmark,7
Denmark,Norway,6
Norway,European,6
European,Digital,7
Digital,Life,6
Life,Index,4
Index,Europe,6
Europe,Nate,5
Nate,Elliott,6
Elliott,Jupiter,6
Jupiter,Although,8
Although,European,8
European,Europe,2
Europe,UK,6
UK,UK,0
UK,Cable,5
Cable,NTL,5
NTL,ADSL,3
ADSL,Digital,7
Digital,Subscriber,9
Subscriber,Line,8
Line,ADSL2+,6
ADSL2+,BT,6
BT,Super-fast,10
Super-fast,TV,10
TV,France,6
France,European,7
European,GMIPoll,8
GMIPoll,TV,7
TV,Digital,7
Digital,DVR,6
DVR,However,7
However,Britons,7
Britons,Almost,6
Almost,Forty-four,9
Forty-four,Nintendo,8
Nintendo,DS,8
DS,Sonys,5
Sonys,PSP,5
PSP,Gizmondo,8
Gizmondo,Xbox,7
Xbox,Jupiter,7
Jupiter,Researchs,9
Researchs,TV,9
Broadband,TV,9
TV,BT,2
BT,TV,2
TV,BT,2
BT,Andrew,6
Andrew,Burke,5
Burke,BTs,4
BTs,Entertainment,13
Entertainment,IPTV,13
IPTV,World,5
World,Forum,3
Forum,London,5
London,BBC,6
BBC,Interactive,11
Interactive,Media,9
Media,Player,6
Player,TV,6
TV,IPTV,2
IPTV,Protocol,8
Protocol,TV,8
TV,BTs,2
BTs,Andrew,6
Andrew,Burke,5
Burke,Increased,7
Increased,Ofcom,8
Ofcom,BTs,5
BTs,ADSL,4
ADSL,TV,4
TV,BBCs,4
BBCs,BBC,1
BBC,Delivering,10
Delivering,BBC,10
BBC,IPTV,4
IPTV,VoIP,4
VoIP,Skype,5
Skype,Since,3
Since,IPTV,5
IPTV,TV,2
TV,TV,0
TV,Broadcasters,12
Broadcasters,IPTV,12
IPTV,PVRs,4
PVRs,BBC,4
BBC,TV,3
TV,Rahul,5
Rahul,Chakkara,7
Chakkara,BBCis,8
BBCis,TV,5
TV,BBC,3
BBC,Mr,3
Mr,Chakkara,7
Chakkara,Mr,7
Mr,Burke,4
Burke,TV,5
TV,UK,2
UK,According,9
According,Benoit,7
Benoit,Joly,5
Joly,Thales,5
Thales,Europe,6
Europe,TV,6
TV,TV,0
TV,IPTV,2
IPTV,Analysts,8
Analysts,IPTV,8
IPTV,TV,2
TV,Europe,6
Europe,BT,6
BT,IPTV,3
IPTV,Mr,4
Mr,Burke,4
Burke,Initially,9
Initially,IPTV,8
IPTV,TV,2
TV,BT,2
BT,UK,2
UK,Broadband,9
Broadband,TV,9
TV,Home,4
Home,Choice,4
Choice,London,6
London,TV,6
TV,Although,8
Although,IPTV,8
Game,Xbox,4
Xbox,Microsoft,8
Microsoft,Xbox,8
Xbox,Xboxs,1
Xboxs,Game,5
Game,Developers,9
Developers,Conference,10
Conference,US,10
US,Xbox,4
Xbox,J,4
J,Allard,6
Allard,Also,4
Also,Xbox,4
Xbox,Microsoft,8
Microsoft,Xbox,8
Xbox,Xenon,3
Xenon,E3,5
E3,May,3
May,November,8
November,However,4
However,GDC,7
GDC,Mr,3
Mr,Allard,5
Allard,HDTV,6
HDTV,HD,2
HD,DVDs,3
DVDs,Industry,7
Industry,Xbox,8
Xbox,HDTV,4
HDTV,Mr,4
Mr,Allard,5
Allard,Microsoft,9
Microsoft,Xbox,8
Xbox,Microsoft,8
Microsoft,Xbox,8
Xbox,Xbox,0
Xbox,DirectX,7
DirectX,Xbox,7
Xbox,Mr,4
Mr,Allard,5
Allard,Xbox,6
Xbox,Mr,4
Mr,Allard,5
Allard,Mr,5
Mr,Allard,5
Allard,Playstation,9
Playstation,Bruce,11
Bruce,Lee,4
Confusion,TV,9
TV,TV,0
TV,DVDs,3
DVDs,TV,3
TV,TV,0
TV,HD,2
HD,TV,2
TV,HD,2
HD,High,3
High,Street,6
Street,Thousands,9
Thousands,LCDs,8
LCDs,DLP,4
DLP,TV,3
TV,HD,2
HD,UK,2
UK,Europe,6
Europe,John,5
John,Binks,5
Binks,GfK,5
GfK,But,3
But,UK,3
UK,HD,2
HD,HD-ready,6
HD-ready,Alexander,8
Alexander,Oudendijk,8
Oudendijk,Astra,9
Astra,TVs,5
TVs,DVI,2
DVI,HDMI,2
HDMI,Multimedia,10
Multimedia,Interface,9
Interface,Part,8
Part,High,4
High,Street,6
Street,Bafta,6
Bafta,London,6
London,European,6
European,HDTV,8
HDTV,Summit,6
Summit,Mr,6
Mr,Binks,5
Binks,Eventually,9
Eventually,BBC,10
BBC,TV,3
TV,HDTV,2
HDTV,Preparations,12
Preparations,HD,12
HD,BSkyB,5
BSkyB,HDTV,5
HDTV,Christmas,9
Christmas,Like,8
Like,Sky+,4
Sky+,HDTV,4
HDTV,HDTV,0
HDTV,TV,2
TV,HD,2
HD,HDTV,2
HDTV,UK,4
UK,TV,2
TV,HD,2
HD,HD,0
HD,Part,4
Part,HDTV,4
HDTV,David,5
David,Mercer,6
Mercer,Strategy,6
Strategy,Analytics,8
Analytics,Mr,9
Mr,Oudendijk,9
Oudendijk,European,8
European,Broadcast,7
Broadcast,Union,9
Union,HD,5
HD,HDTV,2
HDTV,HDTV,0
HDTV,Phil,4
Phil,Laven,5
Laven,EBU,5
EBU,TV,3
TV,HD,2
HD,HD,0
HD,HD-ready,6
HD-ready,Europe,7
Europe,LCD,6
LCD,Europe,6
Europe,Mr,5
Mr,Oudendijk,9
Commodore,Commodore,0
Commodore,US-based,9
US-based,New,7
New,Yeahronimo,9
Yeahronimo,Media,8
Media,Ventures,7
Ventures,Commodore,8
Commodore,Commodore,0
Commodore,Commodore,0
Commodore,Commodore,0
Commodore,PCs,9
PCs,Amiga,5
Amiga,Commodore,8
Commodore,Commodore,0
Commodore,International,12
International,Dutch,12
Dutch,Tulip,4
Tulip,Computers,8
Computers,Atari,7
Atari,Infogrames,9
Infogrames,Tulip,10
Tulip,Computers,8
Computers,Commodore,5
Commodore,USB,9
USB,Commodore,9
Commodore,Windows,7
Windows,PC,7
PC,Apple,5
Apple,Mac,5
Mac,PDAs,4
PDAs,Commodore,9
Commodore,Commodore,0
Mobile,Consumers,7
Consumers,Gartner,7
Gartner,July,7
July,September,9
September,Gartner,6
Gartner,Carolina,6
Carolina,Milanesi,8
Milanesi,Figures,5
Figures,Continental,10
Continental,Research,10
Research,British,7
British,UK,7
UK,Getting,7
Getting,Shailendra,9
Shailendra,Jain,7
Jain,MMS,4
MMS,Adamind,7
Adamind,Research,8
Research,According,9
According,Continental,10
Continental,Research,10
Research,Mr,7
Mr,Jain,4
Jain,Im,4
Im,Andrew,6
Andrew,Bud,5
Bud,Mblox,5
Mblox,MMS,4
MMS,No-one,6
No-one,MMS,6
MMS,Mr,2
Mr,Bud,3
Bud,Wap-push,7
Wap-push,Israeli,8
Israeli,Celltick,8
Celltick,One,8
One,Celltick,8
Celltick,Hutch,6
Hutch,India,5
India,Hutch,5
Hutch,Alive,5
Alive,Cellticks,7
Cellticks,Yaron,9
Yaron,Toren,3
Toren,Celltick,8
Bad,According,8
According,Mirapoint,7
Mirapoint,Radicati,8
Radicati,Group,8
Group,One,5
One,Clicking,7
Clicking,Marcel,7
Marcel,Nienhuis,8
Nienhuis,Radicati,8
Radicati,Group,8
Group,Spammers,8
Spammers,Clearswift,9
Clearswift,Sony,10
Sony,PSP,4
PSP,And,3
And,American,7
American,Desperate,8
Desperate,Housewives,8
Housewives,PC,10
PC,Clearswift,10
Clearswift,Alyn,9
Alyn,Hockey,6
Hockey,Clearswifts,11
Clearswifts,Sexually,10
Sexually,Sophos,7
Sophos,Spammers,6
Spammers,Graham,7
Graham,Cluley,6
Cluley,Sophos,6
Sophos,Mr,6
Mr,Cluley,6
Cluley,Spammers,7
T-Mobile,T-Mobile,0
T-Mobile,Unlike,6
Unlike,MDA,6
MDA,IV,3
IV,MDA,3
MDA,III,3
III,Microsoft,9
Microsoft,Mobile,7
Mobile,Qwerty,6
Qwerty,Motorolas,8
Motorolas,MPx,8
MPx,European,8
European,Rene,7
Rene,Obermann,6
Obermann,T-Mobiles,9
T-Mobiles,Cannes,7
Cannes,T-Mobile,8
T-Mobile,Pocket,7
Pocket,MDAs,6
MDAs,Europe,6
Europe,T-Mobile,6
T-Mobile,Blackberry,9
Blackberry,Reflecting,10
Reflecting,UK,10
UK,UKs,1
UKs,London,6
London,Brighton,6
Brighton,Southern,6
Southern,Nomad,7
Nomad,Digital,6
Digital,March,7
March,April,4
April,Wi-fi,5
Wi-fi,Wimax,3
Wimax,Brian,4
Brian,McBride,4
McBride,T-Mobile,6
T-Mobile,UK,8
UK,GNER,4
GNER,Mr,4
Mr,Obermann,7
Obermann,Thousands,7
Thousands,Cannes,7
Cannes,France,4
France,February,6
California,PCs,10
PCs,California,10
California,January,8
January,Governor,8
Governor,Arnold,6
Arnold,Schwarzenegger,12
Schwarzenegger,Spyware,9
Spyware,PC,7
PC,One,3
One,Washington,9
Washington,Congress,9
Congress,California,8
California,Consumer,9
Consumer,Protection,9
Protection,Spyware,10
Spyware,Act,7
Act,Consumers,9
Consumers,California,9
California,Earthlink,8
Earthlink,Webroot,9
Webroot,PCs,7
PCs,Currently,9
Currently,Spybot,8
Spybot,Ad-Aware,8
Sony,PSP,4
PSP,US,2
US,Sonys,5
Sonys,PlayStation,10
PlayStation,Portable,8
Portable,US,8
US,Thursday,8
Thursday,Nintendos,8
Nintendos,DS,9
DS,UK,2
UK,Gamers,6
Gamers,US,6
US,Spider-Man,10
Spider-Man,UMD,9
UMD,Sonys,5
Sonys,PSP,5
PSP,Sony,4
Sony,Walkman,7
Walkman,Century,7
Century,Japan,7
Japan,Nintendo,7
Nintendo,DS,8
DS,GameCube,8
GameCube,Europe,7
Europe,Nintendo,8
Nintendo,US,8
US,Gizmondo,8
Gizmondo,UK,8
UK,PSP,3
PSP,Michael,7
Michael,Pachter,4
Pachter,Wedbush,7
Wedbush,Morgan,7
Morgan,Securities,9
Securities,Reuters,6
Reuters,Sony,7
Sony,PSPs,4
PSPs,Apples,5
Apples,PSPs,5
PSPs,Europe,6
Europe,Sony,5
Sony,US,4
US,PSPs,3
PSPs,March,5
March,European,7
European,US,8
US,Japanese,8
Japanese,PSP,8
PSP,PlayStation,9
PlayStation,Hundreds,11
Hundreds,US,8
US,US,0
US,Ape,3
Ape,Academy,5
Academy,Formula,7
Formula,One,7
One,Wipeout,6
Wipeout,Pure,6
Pure,Fired,3
Fired,Up,5
Up,Movie,5
Movie,Lions,5
Lions,Gate,5
Gate,Entertainment,11
Entertainment,Disney,11
Disney,UMD,6
Camera,Four,5
Four,Europe,5
Europe,Gartner,5
Gartner,Globally,7
Globally,Improving,9
Improving,Europe,7
Europe,Japan,6
Japan,Asia,4
Asia,Pacific,6
Pacific,Japan,6
Japan,Gartner,5
Gartner,Camera,5
Camera,MMS,6
MMS,Messaging,8
Messaging,Services,8
Services,Handset,7
Handset,Realising,7
Realising,Mobile,8
Mobile,Image,5
Image,Gartner,6
Gartner,Consumer,6
Consumer,Images,7
Images,Mencap,6
Mencap,Fonetography,9
Fonetography,David,11
David,Bailey,5
Bailey,Rankin,5
Rankin,Nan,4
Nan,Goldin,5
Goldin,Sir,5
Sir,Peter,4
Peter,Blake,5
Blake,Tracey,4
Tracey,Emin,6
Emin,Jack,4
Jack,Vettriano,8
Vettriano,Intel,8
Intel,Samsung,7
Samsung,UKs,6
UKs,Foreign,7
Foreign,Office,6
Office,Lawrence,6
Lawrence,Livermore,6
Livermore,National,9
National,Laboratories,10
Laboratories,US,12
US,Many,4
Many,Italys,4
Italys,According,9
According,Sony,7
Sony,Ericssons,7
Ericssons,September,9
Spam,Computer,7
Computer,Business,8
Business,Software,8
Software,Alliance,7
Alliance,Mike,6
Mike,Newton,6
Newton,BSA,6
BSA,PCs,3
PCs,Brazilians,9
Brazilians,French,9
French,Britons,6
Britons,William,7
William,Plante,6
Plante,Symantec,4
Losing,Online,4
Online,World,6
World,Warcraft,6
Warcraft,Europe,7
Europe,BBC,6
BBC,Travis,6
Travis,Anderson,7
Anderson,Texas,7
Texas,Im,5
Im,Id,1
Id,Charles,7
Charles,MacIntyre,9
MacIntyre,England,9
England,Massively,9
Massively,Multiplayer,8
Multiplayer,Online,8
Online,Role,4
Role,Playing,7
Playing,Game,6
Game,MMORPG,6
MMORPG,Shame,6
Shame,Stuart,4
Stuart,Stanton-Davies,11
Stanton-Davies,Huddersfield,13
Huddersfield,Scare-mongering,13
Scare-mongering,Pong,12
Pong,Atari,5
Atari,Gaming,5
Gaming,Unfortunately,12
Unfortunately,However,11
However,Massively,7
Massively,MMORPGs,8
MMORPGs,Warcraft,8
Warcraft,EverQuest,7
EverQuest,Ultima,9
Ultima,Part,6
Part,EverQuest,7
EverQuest,EverCrack,5
EverCrack,E,8
E,Hayot,5
Hayot,Print,4
Print,Culture,7
Culture,EverQuest,8
EverQuest,EQ,7
EQ,TV,2
TV,EverQuest,9
EverQuest,EverQuest,0
EverQuest,Let,7
Let,Almost,5
Almost,World,6
World,Warcraft,6
Warcraft,EverQuest,7
EverQuest,EverQuest,0
EverQuest,Daily,9
Daily,Grind,4
Grind,Jane,4
Jane,MMOPRGs,7
MMOPRGs,One,6
One,Another,5
Another,Warcraft,8
Warcraft,Video,8
Video,Ive,4
Ive,Warcraft,8
Warcraft,Ever[Crack],8
Ever[Crack],Sadly,10
Sadly,RPGs,5
RPGs,Unlike,6
Unlike,TV,6
TV,Despite,7
Despite,MMORPGs,7
MMORPGs,Perhaps,6
Perhaps,Now,7
Now,Obsessive,9
Obsessive,Obviously,7
Obviously,EverQuest,8
EverQuest,EQ,7
EQ,MMORPGs,7
MMORPGs,MMORPGS,1
MMORPGS,Championship,12
Championship,Manager,10
Manager,One,5
One,Sunday,5
Sunday,Monday,2
Monday,University,9
University,EverQuest,8
EverQuest,RPGS,9
RPGS,EverQuest,9
EverQuest,MMORPG,9
MMORPG,PC,5
PC,Im,2
Im,Ive,2
Ive,PC,3
PC,Pretty,5
Pretty,World,6
World,Warcraft,6
Warcraft,Star,7
Star,Wars,3
Wars,Galaxies,6
Galaxies,Im,8
Im,Thankfully,10
Thankfully,Jedi,10
Jedi,Seven,4
Seven,Ultima,6
Ultima,Online,5
Online,Online,0
Online,Something,7
Something,Whilst,8
Whilst,TV,6
TV,Gaming,6
Gaming,Hell,6
Hell,Online,5
Online,Many,5
Many,According,8
According,MMORPGs,9
MMORPGs,Sounds,6
Sounds,Warcraft,8
Warcraft,Im,8
Im,Everquest,9
Everquest,Football,9
Football,Manager,8
Manager,Im,7
Im,Id,1
Id,Cambridge,8
Cambridge,United,8
United,MMORPGs,7
MMORPGs,TV,7
TV,Furthermore,11
Furthermore,Living,11
Living,Korea,6
Korea,PC,5
PC,Bangs,5
Bangs,Cafes,3
Cafes,Nearly,5
Nearly,South,6
South,Koreans,6
Koreans,Korean,1
Korean,Im,6
Im,TV,2
TV,US,2
US,World,5
World,Warcraft,6
Warcraft,European,7
European,Im,8
Im,Great,5
Great,MMORPG,6
MMORPG,MMORPG,0
MMORPG,Unless,6
Unless,Ultima,5
Ultima,Online,5
Online,LOL,6
Long,PCs,4
PCs,Scientists,9
Scientists,Building,8
Building,Ever,8
Ever,Forrester,7
Forrester,Research,8
Research,Mike,7
Mike,Trainor,6
Trainor,Intel,7
Intel,Mr,5
Mr,Trainor,6
Trainor,Intel,7
Intel,Mobile,5
Mobile,PC,6
PC,Extended,8
Extended,Battery,7
Battery,Life,6
Life,Working,6
Working,Group,6
Group,Mr,4
Mr,Trainor,6
Trainor,Intel,7
Intel,Mr,5
Mr,Trainor,6
Trainor,Also,6
Also,Mr,4
Mr,Trainor,6
Trainor,Many,5
Many,Mr,3
Mr,Trainor,6
Software,Software,0
Software,PC,8
PC,Worries,7
Worries,BridgeHead,9
BridgeHead,Software,9
Software,Sabotage,5
Sabotage,National,6
National,Hi-Tech,8
Hi-Tech,Crime,6
Crime,Unit,4
Unit,NOP,4
NOP,BridgeHead,10
BridgeHead,Software,9
Software,PC,8
PC,Ironically,10
Ironically,Freedom,9
Freedom,Information,9
Information,Act,10
Act,Potentially,10
Potentially,CD,11
CD,Increasingly,12
Increasingly,Privacy,9
Privacy,Tim,6
Tim,Ellsmore,7
Ellsmore,PC,8
Text,UK,4
UK,Mobile,6
Mobile,Data,6
Data,Association,9
Association,December,10
December,December,0
December,MDAs,8
MDAs,Every,5
Every,Decembers,7
Decembers,October,5
October,Text,7
Text,MDA,4
MDA,Even,4
Even,People,6
People,SMS,6
SMS,Booking,7
Booking,Mobile,5
Mobile,Disasters,8
Disasters,Emergency,9
Emergency,Committees,9
Committees,Asian,9
Asian,Tsunami,5
Tsunami,Looking,7
Looking,MDAs,7
MDAs,Mike,3
Mike,Short,5
Short,WAP,5
WAP,Handsets,8
Handsets,GPRS,8
GPRS,Globally,7
Globally,Gartner,7
US,US,0
US,Amit,4
Amit,Yoran,5
Yoran,National,6
National,Cyber,8
Cyber,Security,7
Security,Division,7
Division,US,8
US,Department,10
Department,Homeland,9
Homeland,Security,8
Security,US,8
US,Reports,7
Reports,Mr,6
Mr,Yoran,4
Yoran,September,9
September,Cyber,6
Cyber,Security,7
Security,Division,7
Division,US,8
US,Mr,2
Mr,Yoran,4
Yoran,Cyber,5
Cyber,Security,7
Security,Division,7
Division,US,8
US,Mr,2
Mr,Yorans,5
Yorans,Despite,7
Despite,Mr,7
Mr,Yoran,4
Yoran,Department,8
Department,Homeland,9
Homeland,Security,8
Security,Yoran,7
Yoran,Department,8
Department,Homeland,9
Homeland,Security,8
Security,Mr,7
Mr,Yoran,4
Yoran,US,5
US,Mr,2
Mr,Yoran,4
Yoran,Congress,6
Rolling,Internet,7
Internet,Engineering,8
Engineering,Task,11
Task,Force,5
Force,Brian,5
Brian,Carpenter,7
Carpenter,IETF,9
IETF,TV,3
TV,VoIP,4
VoIP,Internet,8
Internet,Protocol,8
Protocol,Net,7
Net,Dr,3
Dr,Carpenter,8
Carpenter,VoIP,9
VoIP,IBM,4
IBM,Dr,3
Dr,Carpenter,8
Carpenter,Cern,6
Cern,European,6
European,Laboratory,9
Laboratory,Particle,8
Particle,Physics,5
Physics,IETF,7
IETF,IPv6,3
IPv6,Cern,4
Cern,Dr,3
Dr,Carpenter,8
Carpenter,IETF,9
IETF,TCP/IP,6
TCP/IP,IP,4
IP,IETF,3
IETF,Dr,4
Dr,Carpenter,8
Carpenter,China,7
China,DSL,5
DSL,Subscriber,10
Subscriber,Line,8
Line,Dr,4
Dr,Carpenter,8
Carpenter,IPv6,9
IPv6,IPv4,1
IPv4,IPv4,0
IPv4,IP,2
IP,IP,0
IP,IPv6,2
IPv6,Dr,4
Dr,Carpenter,8
Carpenter,Standards,9
Standards,IPv6,9
IPv6,London,6
London,IP,6
IP,Technically,11
Technically,Dr,11
Dr,Carpenter,8
Carpenter,Dr,8
Dr,Carpenter,8
Carpenter,People,7
People,People,0
People,But,6
But,Unfortunately,11
European,Bill,8
Bill,Thompson,8
Thompson,Dutch,8
Dutch,European,7
European,Union,6
Union,European,6
European,Parliament,8
Parliament,European,8
European,TV,8
TV,Sadly,5
Sadly,Middle,4
Middle,Britain,6
Britain,Directive,7
Directive,Patentability,10
Patentability,Computer-Implemented,16
Computer-Implemented,Inventions,18
Inventions,Article,8
Article,European,7
European,Patent,7
Patent,Convention?,8
Convention?,Yet,9
Yet,EUs,3
EUs,Europe,5
Europe,US,6
US,Many,4
Many,US,4
US,Amazon,6
Amazon,Amazon,0
Amazon,Council,7
Council,Ministers,9
Ministers,European,8
European,Parliament,8
Parliament,Poland,6
Poland,Germanys,6
Germanys,Early,6
Early,December,8
December,British,8
British,Science,6
Science,Minister,7
Minister,Lord,8
Lord,Sainsbury,8
Sainsbury,UK,9
UK,Directive,9
Directive,First,6
First,European,7
European,Patents,8
Patents,Lord,7
Lord,Byrons,5
Byrons,Childe,6
Childe,Harolds,5
Harolds,Pilgrimage,9
Pilgrimage,LZW,10
LZW,GIF,3
GIF,US,3
US,Coincidence,11
Coincidence,US-based,10
US-based,Even,7
Even,Microsoft,9
Microsoft,Eolas,8
Eolas,Internet,8
Internet,Explorer,7
Explorer,Eolas,6
Eolas,Much,5
Much,Apache,4
Apache,GNU/Linux,9
GNU/Linux,Firefox,8
Firefox,Eventually,10
Eventually,Linux,8
Linux,Europes,7
Europes,Council,7
Council,Ministers,9
Ministers,Bill,8
Bill,Thompson,8
Thompson,BBC,8
BBC,World,5
World,Service,6
Service,Go,7
Go,Digital,7
PC,PC,0
PC,Bill,4
Bill,Thompson,8
Thompson,IBM,8
IBM,ThinkVantage,12
ThinkVantage,Dell,12
Dell,Optiplex,7
Optiplex,Toshiba,8
Toshiba,HP/Compaq,8
HP/Compaq,Samsung,9
Samsung,Inside,6
Inside,PC,6
PC,Eventually,10
Eventually,TPM,10
TPM,TV,2
TV,TPM,2
TPM,Hardware,8
Hardware,Instead,7
Instead,HPs,6
HPs,ProtectTools,11
ProtectTools,Wave,11
Wave,Systems,6
Systems,Embassy,7
Embassy,Full,7
Full,Microsoft,9
Microsoft,Windows,7
Windows,Microsoft,7
Microsoft,Generation,9
Generation,Secure,8
Secure,Computing,8
Computing,Base,9
Base,Windows,7
Windows,However,7
However,Users,6
Users,Apples,5
Apples,CD,6
CD,Another,7
Another,Reals,7
Reals,Harmony,7
Harmony,Apple,7
Apple,Similarly,8
Similarly,TiVo,8
TiVo,TiVo,0
TiVo,One,4
One,DRM,3
DRM,DRM,0
DRM,CDs,3
CDs,Bill,4
Bill,Thompson,8
Thompson,BBC,8
BBC,World,5
World,Service,6
Service,Go,7
Go,Digital,7
Court,Judges,6
Judges,US,6
US,Supreme,7
Supreme,Court,6
Court,Legal,5
Legal,Supreme,7
Supreme,Court,6
Court,Grokster,6
Grokster,Morpheus,7
Morpheus,Instead,7
Instead,Intel,3
Intel,Supreme,6
Supreme,Court,6
Court,Grokster,6
Grokster,Asking,7
Asking,Electronic,9
Electronic,Frontier,8
Frontier,Foundation,6
Foundation,StreamCast,10
StreamCast,Networks,9
Networks,Morpheus,7
Morpheus,Sony,7
Sony,Betamax,7
Betamax,Defenders,8
Defenders,Sony,8
Sony,Betamax,7
Betamax,Betamax,0
Betamax,Betamax,0
Betamax,Magna,6
Magna,Carta,3
Carta,US,5
US,Gary,4
Gary,Shapiro,5
Shapiro,Consumer,8
Consumer,Electronics,11
Electronics,Association,10
Association,Supreme,11
Supreme,Court,6
Court,Justice,6
Justice,Stephen,7
Stephen,Breyer,5
Breyer,Apples,5
Apples,Based,5
Based,Tuesdays,7
Tuesdays,Betamax,7
Betamax,Groksters,9
Groksters,Justice,7
Justice,David,6
David,Souter,6
Souter,CEA,6
CEA,Mr,3
Mr,Shapiro,6
Shapiro,Supreme,6
Supreme,Court,6
Court,Americas,7
Nasa,DIY,4
DIY,MP3,3
MP3,Adam,4
Adam,Curry,5
Curry,MTV,5
MTV,VJ,3
VJ,Pied,4
Pied,Piper,2
Piper,MP3,5
MP3,WMP,2
WMP,Curry,5
Curry,Madison,7
Madison,Avenue,7
Avenue,MSN,6
MSN,MP3,2
MP3,Xbox,4
Xbox,Ian,4
Ian,Fogg,4
Fogg,Jupiter,7
Jupiter,Research,8
Research,Apple,8
Apple,Microsoft,9
Microsoft,Audiences,9
Audiences,Currys,7
Currys,Daily,5
Daily,Source,6
Source,Code,4
Code,Dave,3
Dave,Winer,4
Winer,RSS,5
RSS,Simple,6
Simple,Syndication,9
Syndication,Podcasts,8
Podcasts,Scripting,9
Scripting,News,9
News,Curry,5
Curry,Ron,5
Ron,Blooms,5
Blooms,PodShow,7
PodShow,RSS,6
RSS,Curry,5
Curry,Advertising,10
Advertising,Essentially,8
Essentially,Coffee-loving,12
Coffee-loving,Curry,12
Curry,Amazon,6
Amazon,Others,6
Others,Dawn,6
Dawn,Drew,3
Drew,Show,3
Show,One,4
One,Eric,4
Eric,Rice,3
Rice,Warner,5
Warner,Bros,5
Bros,Warner,5
Warner,Bros,5
Bros,Others,5
Others,One,4
One,Curry,5
Local,TV,5
TV,Austria,7
Austria,Austrian,1
Austrian,Engerwitzdorf,11
Engerwitzdorf,PCs,13
PCs,Telekom,7
Telekom,Austria,7
Austria,Rudolf,6
Rudolf,Fischer,7
Fischer,Telekom,7
Telekom,Austrias,8
Austrias,Buntes,5
Buntes,Fernsehen,7
Fernsehen,TV,9
TV,TV,0
TV,Engerwitzdorf,13
Engerwitzdorf,Telekom,11
Telekom,Austria,7
Austria,Buntes,5
Buntes,Fernsehen,7
Fernsehen,TV,9
TV,PC,2
PC,Mr,2
Mr,Fischer,6
Fischer,TV,7
TV,Buntes,6
Buntes,Fernsehen,7
Fernsehen,Telekom,7
Telekom,Austria,7
Austria,Mr,6
Mr,Fischer,6
Fischer,Engerwitzdorf,11
Engerwitzdorf,Telekom,11
Telekom,Austrias,8
Austrias,TV,8
TV,Aon,3
Aon,PC,3
PC,Aon,3
Aon,October,6
October,TV-on-demand,10
TV-on-demand,Vienna,9
Gizmondo,Gizmondo,0
Gizmondo,Saturday,8
Saturday,Priced,7
Priced,UK,6
UK,US,1
US,Europe,6
Europe,Great,5
Great,Escape,5
Escape,Conflict,8
Conflict,Vietnam,8
Vietnam,British-backed,12
British-backed,Nintendo,13
Nintendo,Sony,7
Sony,Gizmondo,6
Gizmondo,Vodafone,7
Vodafone,GPS,8
GPS,Position,8
Position,System,6
System,GPRS,6
GPRS,Bluetooth,9
Bluetooth,Gizmondo,8
Gizmondo,Londons,6
Londons,Regent,6
Regent,Street,4
Street,Although,7
Although,Nintendo,8
Nintendo,Nokia,7
Nokia,Sony,4
Sony,Nintendo,7
Nintendo,Sony,7
Sony,Nintendos,8
Nintendos,DS,9
DS,March,5
March,Gizmondo,8
Gizmondo,Nintendo,4
Nintendo,Europe,8
Europe,DS,6
DS,GameCube,8
GameCube,Sonys,8
Sonys,PSP,5
PSP,European,8
European,March,7
March,PSP,5
PSP,US,2
US,Spiderman,9
Spiderman,PSP,9
PSP,Nokias,6
Nokias,N-Gage,5
BT,BT,0
BT,May,3
May,Inadvertently,11
Inadvertently,Thousands,12
Thousands,UK,9
UK,BTs,3
BTs,Modem,5
Modem,Protection,8
Protection,Icstis,8
Icstis,UKs,5
UKs,Icstis,5
Icstis,BBC,6
BBC,News,4
News,BT,4
BT,BT,0
BT,Icstis,6
Icstis,October,6
October,BT,7
BT,Gavin,5
Gavin,Patterson,7
Patterson,BT,9
BT,Ireland,7
Ireland,BT,7
BT,May,3
Mobile,Nokia,4
Nokia,Microsoft,8
Microsoft,Sony,8
Sony,Ericsson,7
Ericsson,Walkman,7
Walkman,Motorola,8
Motorola,MP3,7
MP3,Ease,4
Ease,MP3,4
MP3,Full-length,11
Full-length,MP3,11
MP3,Gilles,6
Gilles,Babinet,6
Babinet,Musiwave,7
Musiwave,Musiwave,0
Musiwave,Mr,7
Mr,Babinet,7
Babinet,Mobile,4
Mobile,Apples,5
Apples,Jonas,5
Jonas,Guest,5
Guest,Nokia,5
Nokia,BBC,5
BBC,News,4
News,PCs,3
PCs,Mr,3
Mr,Babinet,7
Babinet,PCs,7
PCs,Mr,3
Mr,Guest,5
Guest,PC,5
PC,One,3
One,Nokia,5
Nokia,Microsoft,8
Microsoft,PC,9
PC,Microsoft,9
Microsoft,Songs,8
Songs,PC,5
PC,Ted,3
Ted,Cohen,4
Cohen,EMI,5
EMI,Asia,4
Asia,Asia,0
Asia,North,5
North,America,6
America,Europe,6
Europe,EMI,5
EMI,PCs,3
PCs,Mr,3
Mr,Cohen,5
Cohen,PC,5
PC,PC,0
PC,Mr,2
Mr,Babinet,7
Babinet,PCs,7
PCs,PC,1
PC,PC,0
PC,Mr,2
Mr,Cohen,5
Cohen,Mr,5
Mr,Babinet,7
Babinet,TV,7
TV,Tomorrow,7
Two,Drink,5
Drink,Die,3
Die,Old,3
Old,Bailey,5
Bailey,BBC,5
BBC,News,4
News,Drink,5
Drink,Die,3
Die,Windows,6
Windows,Britain,7
Britain,United,5
United,States,4
States,DOD,6
DOD,October,7
October,US,7
US,Customs,7
Customs,Service,7
Service,DOD,7
DOD,Razor,5
Razor,Risciso,6
Risciso,Myth,7
Myth,Popz,4
Popz,Fourteen,7
Fourteen,US,8
US,Customs,7
Customs,Operation,8
Operation,Buccaneer,8
Buccaneer,Seventy,8
Seventy,US,7
US,Britain,7
Britain,Australia,6
Australia,Norway,8
Norway,Sweden,6
Sweden,Finland,6
Finland,US,7
US,Among,5
Among,Americans,6
Americans,John,8
John,Sankus,6
Sankus,Eriflleh,8
Eriflleh,Richard,7
Richard,Berry,6
Berry,Kent,4
Kent,Kartadinata,8
Kartadinata,Christopher,10
Christopher,Tresco,8
Tresco,Massachusetts,11
Massachusetts,Institute,10
Institute,Technology,10
Technology,Sankus,9
Sankus,Philadelphia,11
Philadelphia,US,12
US,Attorney,8
Attorney,Paul,8
Paul,McNulty,5
McNulty,Sankus,7
Sankus,British-born,11
British-born,Australian,10
Australian,Hew,10
Hew,Raymond,7
Raymond,Griffiths,9
Griffiths,US,9
US,US,0
US,Customs,7
Customs,Mr,7
Mr,Griffiths,8
Griffiths,DODs,8
DODs,Antony,6
Antony,Townsden,7
Townsden,BBC,8
BBC,News,4
News,Mr,4
Mr,Townsden,8
Townsden,Australia,9
Australia,US,9
US,Australian,10
Australian,US,10
US,Mr,2
Mr,Griffiths,8
Griffiths,Alex,9
Alex,Bell,4
Bell,Old,3
Old,Bailey,5
Bailey,Friday,4
Friday,Mr,5
Mr,Steven,6
Steven,Dowds,6
Dowds,Tim,5
Tim,US,3
US,Immigration,11
Immigration,Customs,10
Customs,Enforcement,10
Enforcement,Dean,9
Dean,Boyd,4
Boyd,DOD,4
DOD,BBC,3
BBC,News,4
News,Mr,4
Mr,Boyd,4
Boyd,US,4
US,Mr,2
Mr,Boyd,4
Boyd,Duke,4
Duke,North,5
North,Carolina,7
Carolina,MIT,8
MIT,Warez,5
Warez,Mr,4
Mr,Boyd,4
Boyd,DOD,4
DOD,Business,8
Business,Software,8
Software,Alliance,7
Alliance,DOD,8
DOD,Britain,7
Domain,Cyrillic,7
Cyrillic,Internationalised,13
Internationalised,Domain,14
Domain,Names,5
Names,Internet,7
Internet,Engineering,8
Engineering,Task,11
Task,Force,5
Force,UK,5
UK,Internet,8
Internet,Forum,7
Forum,Registering,10
Registering,Stephen,9
Stephen,Dyer,6
Dyer,UKIF,4
UKIF,Domain,6
Domain,So-called,7
So-called,ASCII,9
ASCII,European,8
European,Unicode,7
Unicode,So,6
So,PayPal,6
PayPal,Latin,5
Latin,Russian,5
Russian,Russian,0
Russian,English,6
English,Paypalcom,8
Paypalcom,Verisign,9
Verisign,Internationalised,13
Internationalised,Domain,14
Domain,Name,5
Name,Mr,4
Mr,Dyer,3
Dyer,Paypal,5
Paypal,Mr,6
Mr,Dyer,3
Dyer,IDN,4
IDN,Mr,3
Mr,Dyer,3
Dyer,Mr,3
Mr,Dyer,3
Dyer,Another,5
Another,IDN-disabled,11
IDN-disabled,CENTR,11
CENTR,Council,6
Council,European,8
European,National,7
National,Top,7
Top,Level,5
Level,Domain,6
Domain,Registries,9
Registries,IDN-disabled,9
IDN-disabled,IDNs,8
Net,Eighty,5
Eighty,Firms,5
Firms,Data,5
Data,Firms,5
Firms,MCI,5
MCI,BT,3
BT,Deutsche,8
Deutsche,Telekom,7
Telekom,Energis,7
Energis,NTT,7
NTT,Bell,4
Bell,Canada,6
Canada,US,6
US,Arbor,5
Arbor,Networks,6
Networks,Increasingly,11
Increasingly,Rob,12
Rob,Pollard,6
Pollard,Arbor,6
Arbor,Networks,6
Networks,Mr,7
Mr,Pollard,6
Pollard,Arbor,6
Arbor,Mr,4
Mr,Pollard,6
Pollard,Arbor,6
Arbor,Networks,6
Networks,Anyone,7
Anyone,Malcolm,6
Malcolm,Seagrave,7
Seagrave,Energis,7
Microsoft,ID,9
ID,Microsoft,9
Microsoft,Windows,7
Windows,Internet,8
Internet,Explorer,7
Explorer,PCs,8
PCs,Microsoft,8
Microsoft,Microsofts,1
Microsofts,Passport,8
Passport,Hailstorm,5
Hailstorm,ID,9
ID,UKs,3
UKs,UK,1
UK,ID,2
ID,Which?,6
Which?,Microsoft,8
Microsoft,Internet,8
Internet,Explorer,7
Explorer,Windows,7
Windows,Longhorn,6
Longhorn,Michael,7
Michael,Stephenson,9
Stephenson,Microsofts,10
Microsofts,Windows,7
Windows,Server,7
Server,ID,6
ID,Windows,7
Windows,XP,7
XP,Longhorn,8
Longhorn,Mr,7
Mr,Stephenson,10
Stephenson,Microsoft,9
Microsoft,Passport,7
Passport,Hailstorm,5
Hailstorm,PC,9
PC,IDs,3
IDs,Mr,3
Mr,Stephenson,10
Stephenson,Hailstorm,10
Hailstorm,Passport,5
Passport,Passport,0
Passport,Online,8
Online,January,6
January,Although,8
Although,Microsoft,8
Microsoft,Internet,8
Internet,Explorer,7
Explorer,Last,8
Last,Windows,7
Windows,Service,7
Service,Pack,6
Pack,Longhorn,8
Longhorn,Internet,7
Internet,Explorer,7
Sony,PSP,4
PSP,Sonys,5
Sonys,Playstation,9
Playstation,Portable,8
Portable,UK,8
UK,Stuff,5
Stuff,Magazine,8
Magazine,Top,8
Top,Ten,2
Ten,Essentials,8
Essentials,Owning,8
Owning,Portable,8
Portable,Sharps,7
Sharps,Pentax,6
Pentax,Optio,5
Optio,SV,5
SV,Samsungs,7
Samsungs,Yepp,8
Yepp,YH-999,5
YH-999,Essentials,10
Essentials,Weve,9
Weve,Adam,4
Adam,Vaughan,6
Vaughan,Stuff,6
Stuff,Essentials,9
Essentials,Mr,10
Mr,Vaughan,7
Vaughan,Next,7
Next,Stuff,5
Stuff,Xbox,5
Xbox,TV,4
TV,MP3,3
MP3,PSP,3
PSP,UK,3
Apple,Apple,0
Apple,December,7
December,Apples,7
Apples,Asteroid,7
Asteroid,Apple,7
Apple,Apples,1
Apples,Asteroid,7
Asteroid,PowerPage,7
PowerPage,Apple,8
Apple,Insider,6
Insider,Think,6
Think,Secret,6
Secret,Apple,5
Apple,Apple,0
Apple,Power,5
Power,Page,3
Page,Apple,4
Apple,Insider,6
Insider,Think,6
Think,Secret,6
Secret,Santa,5
Santa,Clara,4
Clara,County,5
County,Superior,8
Superior,Court,7
Court,Judge,5
Judge,James,4
James,Kleinberg,8
Kleinberg,Apple,8
Apple,Judge,4
Judge,Kleinberg,8
Kleinberg,California,9
California,Judge,10
Judge,Apple,4
Apple,Judge,4
Judge,Kleinberg,8
Kleinberg,Electronic,8
Electronic,Frontier,8
Frontier,Foundation,6
Foundation,Power,9
Power,Page,3
Page,Apple,4
Apple,Insider,6
Insider,EFF,7
EFF,Kurt,4
Kurt,Opsahl,6
Opsahl,Mr,6
Mr,Opsahl,6
Opsahl,EFF,6
EFF,US,3
Tough,Firms,5
Firms,UK,5
UK,Jeremy,6
Jeremy,Flynn,6
Flynn,Vodafone,7
Vodafone,Mr,8
Mr,Flynn,5
Flynn,Websites,8
Websites,Mr,8
Mr,Flynn,5
Flynn,Mobile,6
Mobile,Entertainment,11
Entertainment,Forum,11
Forum,UKs,5
UKs,Andrew,6
Andrew,Bud,5
Bud,MEF,3
MEF,MBlox,4
MBlox,Christian,9
Christian,Harris,7
Harris,Zed,6
Zed,January,7
January,Mr,6
Mr,Flynn,5
Flynn,Also,4
Also,Mr,4
Mr,Flynn,5
Flynn,Vodafone,7
Vodafone,Mr,8
Mr,Flynn,5
New,Making,6
Making,Sony,5
Sony,Microsoft,8
Microsoft,Nintendo,8
Nintendo,E3,8
E3,Expo,3
Expo,Los,4
Los,Angeles,6
Angeles,May,7
May,Microsofts,9
Microsofts,Game,10
Game,Developers,9
Developers,Conference,10
Conference,San,9
San,Francisco,7
Francisco,James,7
James,Cameron,4
Cameron,Battle,6
Battle,Angel,5
Angel,Alita,4
Alita,Mr,5
Mr,Cameron,6
Cameron,Microsofts,9
Microsofts,Xbox,9
Xbox,Games,5
Games,According,9
According,Robert,8
Robert,Walsh,6
Walsh,Brisbane-based,12
Brisbane-based,Krome,12
Krome,Studios,7
Studios,Mr,7
Mr,Walsh,5
Walsh,Mr,5
Mr,Walsh,5
Walsh,Sony,5
Sony,PSP,4
PSP,Nintendo,8
Nintendo,DS,8
DS,One,3
One,Wright,6
Wright,Sims,5
Sims,Californias,9
Californias,Maxis,8
Maxis,Spore,5
Spore,Spore,0
Spore,Starting,6
Starting,Eventually,9
Eventually,Advanced,9
Advanced,Spore,7
Spore,Internet,6
Internet,Mr,7
Mr,Wright,5
Wright,Luke,6
Luke,Skywalker,7
Skywalker,Frodo,9
Frodo,Baggins,7
Baggins,George,7
George,Lucas,6
Lucas,Dr,5
Dr,Seuss,5
Seuss,Mr,5
Mr,Wright,5
Wright,Spore,6
Spore,Mr,4
Mr,Wright,5
Wright,Instead,7
Instead,Spore,6
Spore,Mr,4
Mr,Wright,5
Wright,New,6
New,Oxford-based,11
Oxford-based,Natural,10
Natural,Motion,6
Motion,Endorphin,7
Endorphin,Endorphin,0
Endorphin,Artists,9
Artists,Another,6
Another,British,6
British,Manchester,9
Manchester,Genemation,9
Genemation,GenCrowd,7
GenCrowd,GenCrowd,0
GenCrowd,One,7
One,Even,3
Even,Game,4
Game,Developers,9
Developers,Conference,10
Conference,GDCs,10
GDCs,Mobile,6
Mobile,Mobile,0
Mobile,Furthermore,10
Furthermore,John,10
John,Batter,6
Batter,EA,6
EA,Mobile,6
Mobile,EA,6
EA,Mobile,6
Mobile,Electronic,9
Electronic,Arts,9
Arts,Electronic,9
Electronic,Arts,9
Arts,EA,4
EA,Mr,2
Mr,Batter,5
Batter,EA,6
EA,EA,0
EA,Need,4
Need,Speed,2
Speed,EA,5
EA,Mobiles,7
Mobiles,Mr,6
Mr,Batter,5
Batter,Sonys,6
Sonys,PSP,5
PSP,Owain,5
Owain,Bennallack,9
Bennallack,Develop,8
Sun,Sun,0
Sun,Microsystems,12
Microsystems,Sun,12
Sun,Grid,4
Grid,Sun,4
Sun,So-called,8
So-called,Sun,8
Sun,Suns,1
Suns,Jonathan,7
Jonathan,Schwartz,8
Schwartz,Suns,7
Suns,Network,7
Network,Computing,9
Computing,California,8
California,Sun,9
Sun,Mr,3
Mr,Schwartz,7
Schwartz,Hundreds,8
Hundreds,Although,8
Although,Sun,7
Sun,Grid,4
Grid,Solaris,5
Solaris,Sun,6
Sun,Initially,9
Initially,IBM,8
IBM,Sun,3
TVs,Internet,8
Internet,TV,8
TV,UKs,3
UKs,Home,4
Home,Choice,4
Choice,IPTV,6
IPTV,Software,8
Software,Microsoft,9
Microsoft,IPTV,9
IPTV,Internet,7
Internet,Protocol,8
Protocol,TV,8
TV,Ed,2
Ed,Graczyk,7
Graczyk,Microsoft,8
Microsoft,IPTV,9
IPTV,BBC,4
BBC,News,4
News,Last,4
Last,South,4
South,America,7
America,Asia,4
Asia,DSL,4
DSL,Subscriber,10
Subscriber,Line,8
Line,According,7
According,TDG,9
TDG,Research,8
Research,IPTV,8
IPTV,Key,4
Key,TV,3
TV,DVD-like,7
DVD-like,Bollywood,9
Bollywood,Operators,8
Operators,Perhaps,6
Perhaps,Currently,8
Currently,Freeview,7
Freeview,IPTV,8
IPTV,Mr,4
Mr,Graczyk,6
Graczyk,Microsoft,8
Microsoft,IPTV,9
IPTV,TV,2
TV,Mr,2
Mr,Graczyk,6
Graczyk,TV,7
TV,TV,0
TV,Microsofts,10
Microsofts,IPTV,10
IPTV,Edition,7
Edition,US,7
US,SBC,3
SBC,TV,3
TV,Mr,2
Mr,Graczyk,6
Graczyk,IPTV,7
IPTV,Jeremy,6
Jeremy,Allaire,7
Allaire,Brightcove,9
Brightcove,BBC,9
BBC,News,4
News,IPTV,4
IPTV,IPTV,0
IPTV,IPTV,0
IPTV,Microsoft,9
Microsoft,Microsoft,0
Microsoft,Myrio,6
Myrio,C-Cor,5
Ultra,Ultra,0
Ultra,Thursday,6
Thursday,Intel,8
Intel,Intel,0
Intel,UWB,5
UWB,USB,1
USB,UWB,1
UWB,Motorola,8
Motorola,Freescale,8
Freescale,Cannes,8
Cannes,Samsung,6
Samsung,UWB,7
UWB,Freescale,9
Freescale,Thursday,7
Thursday,Intel,8
Intel,UWB,5
UWB,WiMedia,7
WiMedia,Alliance,8
Alliance,Multi-band,7
Multi-band,OFDM,10
OFDM,UWB,4
UWB,One,3
One,UWB,3
UWB,DVD,3
DVD,TV,2
TV,UWB,3
UWB,Jeff,4
Jeff,Ravencraft,8
Ravencraft,Intel,9
Intel,Wireless,6
Wireless,USB,8
USB,Promoter,8
Promoter,Group,6
Group,ZDNet,5
ZDNet,UWB,5
UWB,Intel,5
Intel,Initially,5
Initially,USB,9
USB,UWB,1
UWB,Personal,8
Personal,Area,6
Area,Networks,7
Networks,Intel,7
Intel,UWB,5
PC?,Data,4
Data,Honeynet,8
Honeynet,Project,6
Project,German,7
German,Honeynet,7
Honeynet,Project,6
Project,Getting,7
Getting,Honeynet,7
Honeynet,IRC,8
IRC,Many,4
Many,Windows,6
Windows,Especially,10
Especially,PCs,10
PCs,Many,4
Many,PC,4
PC,Using,5
Using,One,4
One,DDoS,4
DDoS,Google,5
Google,Adsense,6
Adsense,Criminals,8
Hitachi,Japanese,7
Japanese,Hitachi,7
Hitachi,Emiew,7
Emiew,Hondas,6
Hondas,Asimo,6
Asimo,Sonys,5
Sonys,Qrio,5
Qrio,Hitachi,7
Hitachi,Emiew,7
Emiew,Two,5
Two,Emiews,5
Emiews,Pal,6
Pal,Chum,4
Chum,Japan,5
Japan,World,5
World,Expo,5
Expo,Sony,4
Sony,Honda,3
Honda,Explaining,9
Explaining,Hitachis,8
Hitachis,Emiew,8
Emiew,Toshihiko,8
Toshihiko,Horiuchi,7
Horiuchi,Hitachis,5
Hitachis,Mechanical,9
Mechanical,Engineering,11
Engineering,Research,9
Research,Laboratory,9
Laboratory,Emiew,10
Emiew,Excellent,7
Excellent,Mobility,8
Mobility,Interactive,10
Interactive,Existence,9
Existence,Workmate,8
Workmate,Segway,7
Segway,Pal,5
Pal,Chum,4
Chum,Shinjuku,6
Shinjuku,Shibuya,4
Shibuya,Pal,7
Pal,Hitachi,6
Hitachi,Pal,6
Pal,Chum,4
Chum,Robotics,8
Robotics,AAAS,8
AAAS,Association,10
Association,Advancement,10
Advancement,Science,8
Science,Washington,9
Washington,DC,10
DC,Sony,4
Sony,Honda,3
Honda,Hondas,1
Hondas,Asimo,6
Asimo,Since,5
Since,Honda,4
Honda,Sonys,3
Sonys,Qrio,5
Qrio,Asimo,3
Asimo,UK,5
UK,Germany,7
Germany,Czech,7
Czech,Republic,8
Republic,France,8
France,Ireland,5
Ireland,Sonys,7
Sonys,Qrio,5
Qrio,Asimo,3
Asimo,Qrio,3
Qrio,Last,4
Last,Toyota,5
Toyota,United,6
United,Nations,6
Nations,UN,7
UN,Economic,8
Economic,Commission,9
Commission,Europe,10
Europe,International,11
International,Federation,6
Federation,Robotics,8
Robotics,Hitachi,7
EU,European,7
European,European,0
European,Commission,9
Commission,MEPs,9
MEPs,EC,3
EC,Council,7
Council,Ministers,9
Ministers,May,8
May,EC,3
EC,President,9
President,Jos&#233;,9
Jos&#233;,Manuel,9
Manuel,Barroso,6
Barroso,President,9
President,European,8
European,Parliament,8
Parliament,Josep,9
Josep,Borrell,5
Borrell,Commission,9
Commission,Parliament,9
Parliament,Council,10
Council,May,7
May,European,7
European,Council,8
Council,European,8
European,Parliament,8
Parliament,EU,10
EU,Council,7
Council,Ministers,9
Ministers,French,9
French,Green,4
Green,MEP,5
MEP,Alain,5
Alain,Lipietz,6
Lipietz,Commission,9
Commission,Parliaments,10
Parliaments,Councils,10
Councils,US,8
US,US-based,6
US-based,Amazoncom,9
Amazoncom,Critics,8
Critics,Europe,7
Europe,This,6
This,Supporters,9
Supporters,EU,10
EU,US,2
Cebit,Hanover,7
Hanover,Thousands,9
Thousands,Cebit,9
Cebit,CeBit,1
CeBit,CeBit,0
CeBit,Hanover,7
Hanover,Hotels,5
Hotels,CeBit,6
CeBit,One,5
One,PC,3
PC,DVD,3
DVD,German,6
German,Computer,8
Computer,Reseller,6
Reseller,News,7
News,Claudia,7
Claudia,Neulling,7
Neulling,TV,8
TV,PC,2
PC,PC,0
PC,DVD,3
DVD,Mark,4
Mark,Brailey,6
Brailey,Intel,6
Intel,PCs,5
PCs,Microsoft,8
Microsoft,Windows,7
Windows,XP,7
XP,Media,5
Media,Centre,5
Centre,Mobile,5
Mobile,Samsung,7
Samsung,SGH-i300,7
SGH-i300,MP3,7
MP3,TV,3
TV,NEC,3
NEC,China,5
China,TV,5
TV,Koji,4
Koji,Umemoto,6
Umemoto,NEC,7
NEC,Europe,6
Europe,Nokia,6
Nokia,MP3s,5
MP3s,Nokias,5
Nokias,Visual,5
Visual,Radio,6
Radio,FM,5
FM,GPRS,4
GPRS,Portable,8
Portable,Creative,6
Creative,Bluetooth,8
Bluetooth,Riccardo,9
Riccardo,Rinaldini,6
Rinaldini,Creatives,8
Creatives,European,9
European,Zen,6
Zen,Micro,5
Micro,AAA,5
AAA,Creative,8
Creative,Even,7
Even,Adidas,6
Adidas,Susanne,7
Susanne,Risse,5
Risse,Buttons,7
Kenyan,Mbita,5
Mbita,Point,4
Point,Kenya,5
Kenya,EduVision,9
EduVision,Matthew,9
Matthew,Herren,6
Herren,EduVision,8
EduVision,BBC,9
BBC,Go,3
Go,Digital,7
Digital,E-slates,7
E-slates,E-slates,0
E-slates,E-slates,0
E-slates,Mr,8
Mr,Herren,5
Herren,EduVision,8
EduVision,Linux-based,10
Linux-based,Users,10
Users,EduVision,8
EduVision,Mr,9
Mr,Herren,5
Herren,Google,6
Google,Africa,6
Africa,Oxford,6
Oxford,Harvard,5
Harvard,Currently,8
Currently,Mr,8
Mr,Herren,5
Herren,EduVision,8
EduVision,E-slates,8
E-slates,Maciej,7
Maciej,Sundra,6
Sundra,E-slates,8
Beckham,Virus,7
Virus,David,5
David,Beckham,7
Beckham,Messages,7
Messages,England,7
England,Mr,7
Mr,Beckham,7
Beckham,Beckham,0
Beckham,Windows,7
Windows,Tennis,5
Tennis,Anna,4
Anna,Kournikova,8
Kournikova,Britney,8
Britney,Spears,7
Spears,Avril,6
Avril,Lavigne,6
Lavigne,Arnold,7
Arnold,Schwarzenegger,12
Schwarzenegger,Mr,13
Mr,Beckham,7
Beckham,Beckhams,1
Beckhams,Graham,5
Graham,Cluley,6
Cluley,Sophos,6
Sophos,Simply,5
Simply,PC,6
PC,Hackarmy,8
Hackarmy,PCs,8
PCs,Computers,8
Computers,Microsoft,9
Microsoft,Windows,7
Windows,NT,7
NT,XP,2
XP,Many,4
Peer-to-peer,Peer-to-peer,0
Peer-to-peer,P2P,11
P2P,P2P,0
P2P,Consumer,8
Consumer,Electronics,11
Electronics,Show,10
Show,Las,4
Las,Vegas,3
Vegas,January,6
January,P2P,7
P2P,US,3
US,January,7
January,William,7
William,Trowbridge,9
Trowbridge,Michael,10
Michael,Chicoine,6
Chicoine,Since,6
Since,Napster,6
Napster,P2P,7
P2P,P2P,0
P2P,P2P,0
P2P,Travis,6
Travis,Kalanick,6
Kalanick,P2P,8
P2P,Red,3
Red,Swoosh,6
Swoosh,But,6
But,P2P,3
P2P,Michael,7
Michael,Weiss,7
Weiss,StreamCast,8
StreamCast,Networks,9
Networks,Remembering,9
Remembering,VCRs,11
VCRs,Mr,4
Mr,Weiss,5
Weiss,VCR,5
VCR,August,6
August,San,6
San,Francisco-based,13
Francisco-based,US,15
US,Court,5
Court,Appeals,7
Appeals,Grokster,8
Grokster,StreamCast,9
StreamCast,Sony,9
Sony,VCR,4
VCR,P2P,3
P2P,Instead,7
Instead,P2P,7
P2P,P2P,0
P2P,BBC,3
BBC,P2P,3
P2P,Legal,5
Legal,Apple,5
Apple,Napster,5
Napster,Sales,5
Sales,US,5
US,Europe,6
Europe,IFPI,6
IFPI,P2P,3
P2P,P2P,0
P2P,Paid-for-pass-along,18
Paid-for-pass-along,DRM,19
DRM,P2P,3
P2P,Marc,4
Marc,Morgenstern,9
Morgenstern,Overpeer,8
Overpeer,Mr,7
Mr,Morgenstern,9
Morgenstern,P2P,11
P2P,Unsigned,8
Unsigned,P2P,8
P2P,P2P,0
P2P,Derek,5
Derek,Broes,4
Broes,Microsoft,7
Microsoft,P2P,9
P2P,Looking,7
Looking,P2Ps,7
P2Ps,P2P,1
P2P,Mr,3
Mr,Broes,4
Warnings,Companies,7
Companies,London,7
London,Frankfurt,8
Frankfurt,New,9
New,York,4
York,San,4
San,Francisco,7
Francisco,RSA,9
RSA,Security,8
Security,RSA,8
RSA,Wireless,8
Wireless,RSA,8
RSA,Security,8
Security,NetSurity,3
NetSurity,London,9
London,Frankfurt,8
Frankfurt,Although,8
Although,RSA,8
RSA,NetSurity,8
NetSurity,London,9
London,Frankfurt,8
Frankfurt,New,9
New,York,4
York,San,4
San,Francisco,7
Francisco,Many,7
Many,RSA,4
RSA,London,6
London,Frankfurt,8
Frankfurt,New,9
New,York,4
York,San,4
San,Francisco,7
Francisco,Many,7
Many,Phil,4
Phil,Cracknell,8
Cracknell,NetSurity,9
NetSurity,Mr,8
Mr,Cracknell,8
Slow,Faster,6
Faster,UK,6
UK,Britons,7
Britons,UK,7
UK,Onlines,7
Onlines,November,7
November,BT,8
BT,Retail,6
Retail,ISPs,6
ISPs,Jill,4
Jill,Finger,5
Finger,IDC,6
IDC,Others,6
Others,BT,6
BT,Retails,7
Retails,BT,7
BT,Retail,6
Retail,Ms,6
Ms,Finger,6
Finger,Wanadoo,6
Wanadoo,BT,7
BT,Cable,5
Cable,Telewest,7
Telewest,BT,8
Anti-tremor,PC,11
PC,People,5
People,Britons,7
Britons,UK,7
UK,National,8
National,Tremor,7
Tremor,Foundation,9
Foundation,Karen,8
Karen,Walsh,4
Walsh,UK,5
UK,National,8
National,Tremor,7
Tremor,Foundation,9
Foundation,Parkinsons,9
Parkinsons,Essential,9
Essential,Tremor,8
Tremor,Tremors,1
Tremors,ET,7
ET,Assistive,9
Assistive,Mouse,7
Mouse,Adapter,6
Adapter,IBM,7
IBM,Jim,3
Jim,Levine,5
Levine,Parkinsons,8
Parkinsons,Computer,10
Computer,PC,8
PC,IBM,3
IBM,UK-based,8
UK-based,Montrose,7
Montrose,Secam,8
Secam,James,5
James,Cosgrave,7
Cosgrave,PC,8
PC,Last,4
Last,Office,6
Office,National,7
National,Statistics,7
Statistics,Britain,8
Britain,British,3
British,Britons,3
Britons,UK,7
UK,UK,0
Cebit,Cebit,0
Cebit,Hanover,7
Hanover,Third,7
Third,Camera,5
Camera,Samsung,5
Samsung,SCH-V770,7
SCH-V770,Camera,7
Camera,Ben,5
Ben,Wood,4
Wood,Gartner,7
Gartner,Cannes,4
Cannes,Cebit,5
Cebit,Mr,5
Mr,Wood,4
Wood,Sony,3
Sony,Ericsson,7
Ericsson,W800,8
W800,Walkman,6
Walkman,Motorola,8
Motorola,ROKR,8
ROKR,Apples,6
Apples,Apple,1
Apple,Motorola,7
Motorola,Motorolas,1
Motorolas,Ed,9
Ed,Zander,5
Zander,Steve,5
Steve,Jobs,5
Jobs,Motorola,7
Motorola,CTIA,8
CTIA,America,7
America,German,5
German,CeBIT,5
CeBIT,Mr,5
Mr,Wood,4
Wood,Nokia,4
Nokia,Cebit,4
Cebit,TV-enabled,8
TV-enabled,Vodafone,8
Vodafone,TV,8
TV,French,6
French,O2,6
O2,Oxford,5
Oxford,UK,6
UK,Nokia,5
Nokia,Finland,6
Finland,Finnish,4
Finnish,Broadcasting,11
Broadcasting,Company,9
Company,YLE,7
YLE,TV,3
TV,TV,0
TV,Cebit,5
Cebit,TV,5
TV,HSDPA,5
HSDPA,Speed,5
Speed,Downlink,8
Downlink,Packet,8
Packet,Access,5
Access,Korean,5
Korean,LG,6
LG,Electronics,11
Electronics,Samsung,10
Samsung,HSDPA,7
HSDPA,US,4
US,Europe,6
Europe,Korea,5
Korea,Broadband,7
Broadband,Germanys,8
Germanys,T-Online,8
T-Online,Deutsche,7
Deutsche,Telekom,7
Telekom,Cebit,6
Cebit,Rainbow-coloured,15
Rainbow-coloured,Japan,15
Japan,Asian,3
Asian,Cebit,5
Cebit,Hall,5
Hall,Cebit,5
Cebit,Gabriele,6
Gabriele,Dorries,5
Anti-spam,Scott,9
Scott,Richter,5
Richter,OptInRealBigcom,14
OptInRealBigcom,Chapter,14
Chapter,OptInRealBig,11
OptInRealBig,Microsoft,12
Microsoft,Chapter,9
Chapter,Listed,5
Listed,Spamhaus,8
Spamhaus,OptInRealBig,10
OptInRealBig,December,11
December,Microsoft,8
Microsoft,New,9
New,York,4
York,Eliot,5
Eliot,Spitzer,6
Spitzer,Mr,6
Mr,Richter,6
Richter,According,8
According,Microsoft,8
Microsoft,Kuwait,8
Kuwait,Ministries,9
Ministries,Communication,10
Communication,Finance,11
Finance,Korean,6
Korean,Seoul,6
Seoul,Municipal,8
Municipal,Boramae,8
Boramae,Hospital,6
Hospital,Virginia,7
Virginia,Community,7
Community,College,7
College,System,6
System,Mr,6
Mr,Richter,6
Richter,July,7
July,Microsoft,9
Microsoft,Microsoft,0
Microsoft,OptInRealBig,12
OptInRealBig,Microsoft,12
Microsoft,Chapter,9
Chapter,OptInRealBig,11
OptInRealBig,Microsoft,12
Microsoft,Steven,9
Steven,Richter,6
Richter,OptInRealBig,11
OptInRealBig,OptInRealBig,0
OptInRealBig,Chapter,11
China,Asia,3
Asia,China,3
China,India,4
India,Japan,5
Japan,South,5
South,Korea,4
Korea,Singapore,7
Singapore,Chinas,7
Chinas,London,6
London,Forty,5
Forty,Financial,8
Financial,Times,8
Times,New,4
New,Media,4
Media,Broadcasting,10
Broadcasting,Conference,11
Conference,Interest,6
Interest,China,8
China,Beijing,5
Beijing,News,6
News,Corporation,11
Corporation,Viacom,9
Viacom,Sony,6
Sony,Pictures,8
Pictures,Chinese,7
Chinese,Chinese,0
Chinese,TV,7
TV,China,5
China,Central,5
Central,Television,9
Television,TV,9
TV,China,5
China,State,5
State,Administration,11
Administration,Radio,11
Radio,Film,5
Film,Television,9
Television,Chinese,9
Chinese,China,3
China,TV,5
TV,SARFT,5
SARFT,According,9
According,Financial,8
Financial,Times,8
Times,China,5
China,Chinas,1
Chinas,Beijings,5
Beijings,Chinese,6
Chinese,Mobile,6
Mobile,Chinas,6
Chinas,Online,5
Online,US,6
US,UK-based,7
UK-based,Screen,7
Screen,Digest,5
Digest,Li,5
Li,Ruigang,6
Ruigang,Shanghai,7
Shanghai,Media,7
Media,Group,5
Group,Chinas,6
Chinas,Leading,6
Leading,China-watcher,12
China-watcher,CGA,12
CGA,Jeanne-Marie,12
Jeanne-Marie,Gescher,9
Gescher,Chinas,7
Chinas,Mrs,5
Mrs,Gescher,6
Broadband,Fast,8
Fast,Britain,6
Britain,UK,7
UK,Demos,5
Demos,UK,5
UK,Demos,5
Demos,One,5
One,John,4
John,Craig,5
Craig,Demos,5
Demos,Demos,0
Demos,Broadband,9
Broadband,Britain:,6
Britain:,End,7
End,Asymmetry?,10
Asymmetry?,AOL,9
AOL,UK,3
UK,Karen,5
Karen,Thomson,6
Thomson,Chief,6
Chief,Executive,8
Executive,AOL,9
AOL,UK,3
UK,According,9
According,Nielsen//NetRatings,16
Nielsen//NetRatings,UK,19
Video,Technologies,11
Technologies,Hundreds,10
Hundreds,November,8
November,Londons,7
Londons,Institute,9
Institute,Contemporary,11
Contemporary,Arts,11
Arts,Graeme,5
Graeme,Oxby,6
Oxby,Hundreds,8
Hundreds,London,6
London,ICA,6
ICA,Dating,6
Dating,Whether,6
Whether,Flic,7
Flic,Everett,7
Everett,Company,7
Company,Daily,6
Daily,Express,7
Express,UK,7
UK,Britain,7
Britain,BBC,6
BBC,News,4
News,Lots,3
Lots,SMS,4
SMS,Scare,4
Scare,Ms,5
Ms,Everett,7
Everett,Many,7
Many,SMS,4
SMS,Still,4
Still,WLTS,5
WLTS,WLTM,1
WLTM,Paolo,5
Paolo,Pescatore,6
Pescatore,IDC,9
IDC,One,3
One,SMS,3
SMS,MMS,1
MMS,July,4
July,Vodafone,8
Vodafone,UKs,8
UKs,January,7
January,Vodafone,8
Apple,Apple,0
Apple,Powerbook,9
Powerbook,US,9
US,Mobile,6
Mobile,PC,6
PC,PCs,1
PCs,Sony,4
Sony,Walkman,7
Walkman,Zenith,7
Zenith,Gadgets,6
Gadgets,AD,7
AD,Kodak,5
Kodak,Brownie,6
Brownie,Tivo,7
Tivo,Multimedia,9
Multimedia,QV-10,10
QV-10,Startac,7
Startac,Apple,7
Apple,Sony,5
Sony,Sonys,1
Sonys,CDP-101,7
CDP-101,CD,5
CD,Madonnas,8
Madonnas,Like,8
Like,Virgin,5
Virgin,CD,6
CD,Karl,4
Karl,Elseners,7
Elseners,Swiss,7
Swiss,Army,5
Army,Knife,5
Knife,Gadgets,6
Gadgets,Nintendo,7
Nintendo,GameBoy,7
GameBoy,Pulsar,7
Pulsar,Pez,5
Pez,Tamagotchi,10
Tamagotchi,Ronco,8
Ronco,Almost,6
Almost,Powerbook?,9
Powerbook?,Sony,9
Sony,Minidisc,7
Minidisc,Flash,7
Flash,MP3,5
MP3,CD,3
CD,MiniDisc,7
MiniDisc,Calm,8
Calm,Taser,4
Taser,Swiss,5
Swiss,American,7
American,British,7
British,Brits,2
Brits,Sinclair;,8
Sinclair;,Americans,9
Americans,Apple,8
Apple,TV,5
TV,TiVO,2
TiVO,Europe,6
Europe,Soda,5
Soda,Stream,4
Stream,Lap,5
Lap,Astro,5
Astro,Wars,4
Wars,However,7
However,Soon,6
Soon,PDAs,4
PDAs,Marine,6
Marine,Chronometer?,9
Chronometer?,Completely,7
Completely,Sony,8
Sony,Net,4
Net,Minidisc!,9
Minidisc!,NetMD,9
NetMD,Sinclair,8
Sinclair,Executive,7
Executive,GPS?,9
GPS?,PC,3
PC,Surely,6
Surely,Breville,6
Breville,Tandy,8
Tandy,A4,5
A4,Tandy,5
Tandy,DOS,5
DOS,Whats,5
Whats,Apple,5
Apple,Powerbook,9
Powerbook,Surely,8
Surely,Swiss,5
Swiss,Army,5
Army,Knife,5
Knife,Also,5
Also,Casio,3
Casio,Swiss,5
Swiss,Army,5
Army,Knife,5
Knife,Sinclair,7
Sinclair,QL,8
QL,OS,2
OS,Shame,5
Shame,Apple,4
Apple,Utter,5
Utter,Yes,4
Yes,Apple,5
Apple,Sony,5
Sony,Walkman,7
Walkman,TV,7
TV,Id,2
Id,Apples,6
Apples,Newton,6
Newton,Palm,6
Palm,Pilot,3
Pilot,Toshiba,7
Toshiba,Libretto,8
Libretto,Vulcan,8
Vulcan,Incs,5
Incs,Flipstart,8
Flipstart,TVs?,8
TVs?,Still,5
Still,Psion,4
Psion,Organiser,8
Organiser,Case,6
Case,Great,5
Great,PC,5
PC,PC?!,2
PC?!,Motorola,8
Motorola,Startac,6
Startac,Number,7
Number,One,5
One,Why?,4
Why?,Psion,5
Psion,Sinclair,8
Sinclair,Spectrum,6
Spectrum,Id,8
Id,Probably,8
Probably,Nokia,7
Nokia,Sinclair,7
Sinclair,Spectrum,6
Spectrum,Games,8
Games,Apples,4
Apples,PB100,6
PB100,Particularly,11
Particularly,Theyre,11
Theyre,Congratulations,14
Congratulations,Apple,14
Nintendo,DS,8
DS,Euro,4
Euro,Nintendos,8
Nintendos,DS,9
DS,Europe,6
Europe,Many,6
Many,UK,4
UK,Super,5
Super,Mario,5
Mario,Rayman,5
Rayman,DS,6
DS,Nintendos,9
Nintendos,Since,6
Since,Japan,5
Japan,US,5
US,Nintendo,8
Nintendo,DS,8
DS,Part,4
Part,DS,4
DS,Nintendos,9
Nintendos,GameBoy,7
GameBoy,Advance,7
Advance,Games,6
Games,DS,5
DS,DS,0
DS,DS,0
DS,DS,0
DS,DS,0
DS,Nintendo,8
Nintendo,Five,6
Five,Virgin,5
Virgin,Game,6
Game,Friday,6
Friday,DS,6
DS,Robert,6
Robert,Quinn,6
Quinn,Games,5
Games,UK,5
UK,Nintendo,8
Nintendo,Europes,8
Europes,Sony,6
Sony,PSP,4
PSP,Although,8
Although,Nintendo,8
Nintendo,PSP,8
PSP,Sonys,5
Sonys,PSP,5
PSP,Nintendo,8
Nintendo,PlayStation,9
PlayStation,PSP,9
PSP,PSP,0
Sonys,PSP,5
PSP,Movies,6
Movies,Open,5
Open,Water,4
Water,Saw,4
Saw,Sonys,4
Sonys,PSP,5
PSP,Film,4
Film,Lions,4
Lions,Gate,5
Gate,UMD,4
UMD,Steve,5
Steve,Beeks,4
Beeks,Lions,4
Lions,Gate,5
Gate,Already,6
Already,Japan,6
Japan,PSP,5
PSP,US,2
US,March,5
March,Spider-Man,9
Spider-Man,UMD,9
UMD,US,2
US,Punisher,8
Punisher,House,6
House,Dead,5
Dead,Total,4
Total,Recall,4
Recall,Rambo:,5
Rambo:,First,6
First,Blood,5
Blood,UMD,5
UMD,Sony,4
Sony,Mr,4
Mr,Beeks,5
Beeks,DVDs,4
DVDs,Sonys,4
Sonys,PSP,5
PSP,UMD,3
UMD,DVD,2
DVD,UMD,2
UMD,Maybe,5
Maybe,Four,5
Four,PSP,4
PSP,XXX,3
XXX,Hellboy,7
Hellboy,Resident,7
Resident,Evil:,7
Evil:,Apocalypse,9
Apocalypse,Upon,8
Upon,Time,4
Time,Mexico,5
Virgin,Radio,5
Radio,UK,5
UK,Virgin,6
Virgin,Radio,5
Radio,Sydus,4
Sydus,Later,5
Later,Virgin,6
Virgin,James,6
James,Cridland,8
Cridland,Virgin,6
Virgin,Radio,5
Radio,Virgin,5
Virgin,Radio,5
Radio,Virgin,5
Virgin,Radio,5
Radio,Classic,5
Classic,Rock,7
Rock,Virgin,6
Virgin,Radio,5
Radio,Groove,6
Groove,Mr,5
Mr,Cridland,7
Cridland,Virgin,6
Virgin,Radio,5
Radio,Saumil,4
Saumil,Nanavati,7
Nanavati,Sydus,8
Sydus,Virgin,6
Virgin,GPRS,6
GPRS,Orange,6
Orange,Virgin,6
Virgin,Nokia,5
Nokia,Samsung,7
Samsung,Virgin,6
Chip,Rich,4
Rich,Templeton,9
Templeton,Texas,7
Texas,Instruments,9
Instruments,Voice,10
Voice,Internet,7
Internet,Telephony,8
Telephony,Voip,8
Voip,PC,4
PC,Mr,2
Mr,Templeton,9
Templeton,Voip,8
Voip,Internet,8
Internet,Wanadoo,8
Wanadoo,UK,7
UK,Subscribers,11
Subscribers,Wanadoos,10
Wanadoos,UK,8
UK,Wanadoo,7
Wanadoo,Livebox,6
Livebox,Wanadoo,6
Wanadoo,Eventually,8
Eventually,Wanadoo,8
Wanadoo,BT,7
BT,Europe,6
Europe,Eric,4
Eric,Abensur,7
Abensur,Wanadoos,8
Wanadoos,BBC,8
BBC,News,4
News,Mr,4
Mr,Templeton,9
Templeton,Almost,7
Almost,Skype,6
Skype,Voip,4
Voip,Skype,4
Skype,Skype,0
Skype,US,5
US,Vonage,6
Vonage,Voip,4
Voip,Bill,4
Bill,Simmelink,7
Simmelink,TIs,9
TIs,Voip,4
Voip,Voip,0
Voip,ISP,4
ISP,AOL,3
AOL,Tuesday,7
Tuesday,Customers,8
Customers,Calls,7
Calls,Voip,5
Voip,AOL,4
AOL,Jonathan,8
Jonathan,Miller,8
Mobile,TV,6
TV,Scandinavians,13
Scandinavians,Koreans,10
Koreans,TV,7
TV,Anders,6
Anders,Igels,4
Igels,Nordic,6
Nordic,Teliasonera,10
Teliasonera,World,10
World,Congress,6
Congress,Cannes,4
Cannes,Nokia,6
Nokia,Finnish,6
Finnish,Singapore,7
Singapore,TV,9
TV,Consultancy,11
Consultancy,Strategy,9
Strategy,Analytics,8
Analytics,Boston,8
Boston,SK,6
SK,Telecom,7
Telecom,South,7
South,Korea,4
Korea,TV,5
TV,May,3
May,TV,3
TV,Mr,2
Mr,Shin-Bae,8
Shin-Bae,Kim,7
Kim,SK,3
SK,Telecom,7
Telecom,TV,6
TV,TV,0
TV,Korean,6
Korean,LG,6
LG,Electronics,11
Electronics,South,10
South,Korea,4
Korea,Footage,5
Footage,TV,7
TV,Angel,5
Angel,Gambino,7
Gambino,BBC,7
BBC,TV,3
TV,TV,0
TV,DVB-H,4
DVB-H,Digital,6
Digital,Video,6
Video,Broadcasting,11
Broadcasting,Handsets,10
Handsets,DMB,8
DMB,Digital,6
Digital,Multimedia,9
Multimedia,Broadcasting,11
Broadcasting,Dr,11
Dr,Chan,4
Chan,Yeob,4
Yeob,Yeun,2
Yeun,TV,4
TV,LG,2
LG,Electronics,11
Electronics,DVB-H,11
DVB-H,Japanese,8
Japanese,Koreans,6
Koreans,Ericsson,7
Ericsson,Sweden,7
Sweden,DMB,6
DMB,Samsung,7
Samsung,South,5
South,Korea,4
Korea,DMB,5
DMB,TU,3
TU,Media,5
Media,TV,5
TV,Korea,5
Korea,May,5
May,Nokia,5
Nokia,DVB-H,5
DVB-H,TV,4
TV,TV,0
TV,Mobile,6
Mobile,O2,6
O2,Vodafone,8
Vodafone,TV,8
TV,Ms,2
Ms,Gambino,7
Gambino,BBC,7
BBC,TV,3
TV,Digital,7
Digital,Audio,6
Audio,Broadcasting,10
Broadcasting,Developments,12
Developments,DAB,11
DAB,Cannes,6
Cannes,DAB,6
DAB,Among,5
Among,Frontier,6
Frontier,Silicon,8
Silicon,Radioscape,8
Radioscape,TV,10
Progress,Internet,7
Internet,Corporation,10
Corporation,Assigned,11
Assigned,Names,7
Names,Numbers,3
Numbers,Icann,7
Icann,Asia,5
Asia,Catalan,6
Catalan,Universal,8
Universal,Postal,7
Postal,Union,6
Union,New,5
New,York-based,9
York-based,Travel,7
Travel,Partnership,9
Partnership,Icann,10
Icann,Despite,7
Despite,Icann,7
Icann,Icann,0
Icann,One,4
One,Icann,4
Icann,Icann,0
Icann,Three,5
Three,Others,5
Savvy,Internet,8
Internet,US,8
US,Pew,3
Pew,Research,7
Research,Center,6
Center,Google,6
Google,Ask,6
Ask,Jeeves,6
Jeeves,MSN,6
MSN,Yahoo,5
Yahoo,Almost,5
Almost,According,7
According,Pew,9
Pew,Search,5
Search,According,8
According,Pew,9
Pew,Research,7
Research,Tony,8
Tony,Macklin,7
Macklin,Ask,6
Ask,Jeeves,6
Jeeves,Despite,6
Despite,Alongside,7
Alongside,Said,7
Said,Pew,4
Pew,Commenting,9
Commenting,Mr,10
Mr,Macklin,6
Yahoo,Yahoo,0
Yahoo,Yahoo,0
Yahoo,Yahoo,0
Yahoo,Google,6
Google,Yahoo,6
Yahoo,Google,6
Google,IPO,6
IPO,Public,6
Public,Offering,7
Offering,Yahoo,8
Yahoo,Google,6
Google,Yahoo,6
Yahoo,Googles,7
Googles,Gmail,5
Gmail,Froogle,6
Froogle,Google,2
Google,News,6
News,Jupiter,7
Jupiter,Olivier,5
Olivier,Beauvillain,9
Beauvillain,Yahoos,10
Yahoos,Google,6
Google,Google,0
Google,Yahoo,6
Yahoo,Google,6
Google,Allen,5
Allen,Weiner,5
Weiner,Gartner,4
Gartner,Yahoos,6
Yahoos,Google,6
Google,Yahoo,6
Yahoo,Yahoo,0
Yahoo,MSN,5
MSN,Yahoo,5
Yahoo,Yahoo,0
Yahoo,Yahoo,0
Yahoo,Yahoo,0
Yahoo,Yahoo,0
Yahoo,Mr,5
Mr,Weiner,5
Weiner,Inktomi,7
Inktomi,Overture,7
Overture,Yahoo,8
Yahoo,Crucial,7
Crucial,Tim,6
Tim,Koogle,6
Koogle,Terry,6
Terry,Semel,4
Semel,May,5
May,Mr,2
Mr,Weiner,5
Weiner,Jerry,5
Jerry,Yang,5
Yang,MSN,4
MSN,Yahoos,6
Yahoos,Mr,6
Mr,Weiner,5
Weiner,Nick,5
Nick,Hazel,5
Hazel,Yahoos,5
Yahoos,UK,6
UK,Yahoo,5
Yahoo,Search,5
Search,Yahoo,5
Yahoo,Messenger,9
Messenger,BT,9
BT,UK,2
UK,Mr,2
Mr,Weiner,5
Weiner,Yahoos,6
Blind,Victor,6
Victor,Wong,6
Wong,Hong,1
Hong,Kong,1
Kong,Cornell,5
Cornell,University,9
University,New,9
New,York,4
York,State,5
State,Mr,5
Mr,Wong,4
Wong,Braille,7
Braille,Mr,6
Mr,Wong,4
Wong,Mr,4
Mr,Wong,4
Wong,BBC,4
BBC,News,4
News,Mr,4
Mr,Wong,4
Wong,Mr,4
Mr,Wong,4
Wong,Mr,4
Mr,Wong,4
Mobiles,Mobiles,0
Mobiles,Despite,6
Despite,Jupiter,4
Jupiter,Gartner,5
Gartner,TV,7
TV,Europe,6
Europe,Technical,9
Technical,Batteries,9
Batteries,Bringing,7
Bringing,Fifty,7
Fifty,Europeans,9
Europeans,PC,9
PC,Thomas,6
Thomas,Husson,6
Husson,Jupiter,6
Jupiter,Apples,5
Apples,Napster,5
Napster,TV,7
TV,US,2
US,TiVo,4
TiVo,Go,3
Go,TV,2
TV,But,3
But,Gartner,6
Gartner,TV,7
TV,Europe,6
Europe,Currently,7
Currently,TV-like,9
TV-like,European,8
European,Italys,8
Italys,TIM,6
TIM,Mobile,6
Mobile,TV,6
TV,Various,7
Various,TV,7
TV,Europe,6
Europe,Berlin,5
Berlin,Helsinki,5
Helsinki,TV,8
TV,Norwegian,9
Norwegian,Broadcasting,10
Broadcasting,Corporation,9
Corporation,TV,11
TV,TV,0
TV,European,8
European,Telecommunications,15
Telecommunications,Institute,16
Institute,Digital,7
Digital,Video,6
Video,Broadcasting,11
Broadcasting,Handheld,11
Handheld,TV,8
TV,Europe,6
Europe,Operators,7
Operators,Handsets,8
Handsets,DVB-H,8
DVB-H,TV,4
TV,TV,0
TV,People,6
People,TV,6
TV,Gartner,7
Gartner,Digital,7
Digital,Europes,7
Europes,Sky+,7
Sky+,TV,4
TV,XDA,3
XDA,II,3
II,Nokia,5
Nokia,SonyEricsson,10
SonyEricsson,P900,12
P900,Orange,6
Orange,E200,6
E200,InStat/MDR,10
Mac,Mini,3
Mini,Mac,3
Mac,Mini,3
Mini,Apple,5
Apple,Apple,0
Apple,Macintosh,9
Macintosh,Let,8
Let,Mac,3
Mac,Mini,3
Mini,Apple,5
Apple,Mac,5
Mac,Mini,3
Mini,Inside,5
Inside,G4,6
G4,CD/DVD,6
CD/DVD,DVD,3
DVD,Apple,5
Apple,Mac,5
Mac,Mini,3
Mini,Mac,3
Mac,OS,3
OS,X,2
X,Safari,6
Safari,Garage,4
Garage,Band,5
Band,PC,4
PC,Windows,7
Windows,XP,7
XP,Mac,3
Mac,OS,3
OS,X,2
X,Linux,5
Linux,Mac,5
Mac,Mini,3
Mini,Window,4
Window,Mark,6
Mark,Sparrow,5
Sparrow,Mac,6
Mac,Format,5
Format,PC,6
PC,Macs,4
Macs,One,4
One,Mac,3
Mac,Mini,3
Mini,Another,7
Another,Mac,7
Mac,Mini,3
Mini,Mini,0
Mini,TV,4
TV,Personal,8
Personal,Video,7
Video,Recorders,7
Recorders,TV,9
TV,PCs,3
PCs,Windows,6
Windows,Media,6
Media,Center,5
Center,Coupled,5
Coupled,TV,7
TV,Mac,3
Mac,Mini,3
Mini,Mac,3
Mac,Mini,3
Mini,Mac,3
Mac,Mini,3
Mini,Graham,6
Graham,Barlow,6
Barlow,Mac,5
Mac,Format,5
Format,Mac,5
Mac,PCs,3
PCs,PCs,0
PCs,Mac,3
Mac,PC,3
PC,Mac,3
Mac,Mini,3
Mini,PCs,4
PCs,PCs,0
PCs,PCs,0
PCs,Microsofts,9
Microsofts,Media,9
Media,Center,5
Center,Mac,6
Mac,Mini,3
Mini,Apple,5
Apple,Let,5
Let,Mac,3
Mac,Mini,3
PlayStation,Cell,11
Cell,Sonys,5
Sonys,PlayStation,10
PlayStation,PC,10
PC,Sony,4
Sony,IBM,4
IBM,Toshiba,7
Toshiba,Cell,7
Cell,Monday,6
Monday,PlayStation,10
PlayStation,GHz,11
GHz,Intels,6
Intels,GHz,6
GHz,Details,7
Details,International,10
International,Solid,12
Solid,State,4
State,Circuits,7
Circuits,Conference,9
Conference,San,9
San,Francisco,7
Francisco,Intel,8
Intel,Cell,4
Cell,PlayStation,11
PlayStation,Toshiba,10
Toshiba,IBM,7
IBM,Cell,4
Cell,IBMs,4
IBMs,Power,5
Power,Intel,4
Intel,Later,3
Later,Intel,3
Intel,Advanced,6
Advanced,Micro,7
Micro,Devices,5
Devices,Cells,5
Cells,PlayStation,11
PlayStation,Steve,9
Steve,Kleynhans,8
Kleynhans,Meta,7
Meta,Group,5
Group,PlayStation,11
PlayStation,Cell,11
Cell,Initial,6
Initial,Cell,6
Cell,IBM,4
IBM,Cell,4
Cell,Microsofts,10
Microsofts,Windows,7
Windows,Cell,7
Cell,Intels,4
Intels,PCs,5
PCs,Windows,6
Security,US,8
US,Federal,7
Federal,Bureau,5
Bureau,Investigation,11
Investigation,FBI,13
FBI,FBIs,1
FBIs,Internet,8
Internet,Fraud,7
Fraud,Complaint,8
Complaint,Center,8
Center,FBI,6
FBI,Users,5
Users,FBI,5
FBI,FBI,0
Microsoft,Microsoft,0
Microsoft,Windows,7
Windows,Windows,0
Windows,Genuine,6
Genuine,Advantage,7
Advantage,Microsoft,9
Microsoft,PCs,8
PCs,Either,6
Either,PCs,6
PCs,Microsofts,9
Microsofts,Windows,7
Windows,People,7
People,Microsoft,8
Microsoft,Microsofts,1
Microsofts,PCs,9
PCs,PCs,0
PCs,Graham,6
Graham,Cluley,6
Cluley,Sophos,6
Sophos,BBC,6
BBC,News,4
News,Windows,5
Windows,Windows,0
Windows,Genuine,6
Genuine,Advantage,7
Advantage,September,9
September,English-language,16
English-language,Windows,14
Windows,Microsofts,7
Microsofts,Windows,7
Windows,Software,8
Software,January,6
January,PCs,7
PCs,PCs,0
PCs,Microsofts,9
Microsofts,Last,8
Last,Windows,7
Windows,XP,7
XP,Counterfeit,11
Counterfeit,Project,9
Project,UK-based,8
UK-based,November,7
November,December,3
December,PCs,8
PCs,November,8
November,Windows,8
Windows,XP,7
XP,China,5
China,Norway,5
Norway,Czech,6
Czech,Republic,8
Republic,Windows,8
Windows,Mr,7
Mr,Cluley,6
Whats,Sony,5
Sony,Microsoft,8
Microsoft,Nintendo,8
Nintendo,PlayStation,9
PlayStation,Xbox,10
Xbox,Xenon,3
Xenon,Nintendos,6
Nintendos,Revolution,9
Revolution,PS3,10
PS3,Rory,4
Rory,Armes,5
Armes,Electronic,9
Electronic,Arts,9
Arts,Europe,5
Europe,Microsoft,7
Microsoft,EA,9
EA,Mr,2
Mr,Armes,4
Armes,Sony,5
Sony,Nintendo,7
Nintendo,Although,8
Although,Mr,8
Mr,Armes,4
Armes,EA,5
EA,PlayStation,11
PlayStation,Xbox,10
Xbox,Sony,4
Sony,Sony,0
Sony,Consumer,6
Consumer,Electronics,11
Electronics,Show,10
Show,Las,4
Las,Vegas,3
Vegas,Microsoft,8
Microsoft,Bill,8
Bill,Gates,5
Gates,Xbox,5
Xbox,PC,4
PC,Sony,4
Sony,PS3,4
PS3,Nintendo,8
Nintendo,Gary,8
Gary,Dunn,4
Dunn,Codemasters,11
Codemasters,PC,11
PC,Mr,2
Mr,Dunn,4
Dunn,Graphical,9
Graphical,PCs,9
PCs,Simon,5
Simon,Gardner,6
Gardner,Climaxs,7
Climaxs,Action,7
Action,Studio,5
Studio,Were,6
Were,Gerhard,5
Gerhard,Florin,7
Florin,EA,6
EA,Europe,5
Europe,Many,6
Many,Mr,3
Mr,Florin,5
Florin,AI,6
AI,Mr,2
Mr,Armes,4
Armes,Mr,4
Mr,Gardner,6
Gardner,AI,7
AI,Developers,10
Mobile,Third-generation,15
Third-generation,World,15
World,Congress,6
Congress,Cannes,4
Cannes,Fast,5
Fast,Global,6
Global,Mobile,4
Mobile,Suppliers,7
Suppliers,Association,10
Association,Siemens,10
Siemens,German,5
German,Motorola,7
Motorola,US,8
US,HSDPA,4
HSDPA,Speed,5
Speed,Downlink,8
Downlink,Packet,8
Packet,Access,5
Access,Early,6
Early,HSDPA,5
HSDPA,Downlink,8
Downlink,Packet,8
Packet,Access,5
Access,Super,5
Super,UK-based,7
UK-based,Analysys,7
Analysys,Nokia,8
Nokia,Canada-based,11
Canada-based,Sierra,11
Sierra,Wireless,6
Wireless,High,7
High,Speed,5
Speed,Downlink,8
Downlink,Packet,8
Packet,Access,5
Access,HSDPA,6
HSDPA,HSDPA,0
HSDPA,Dr,4
Dr,Alastair,7
Alastair,Brydon,8
Brydon,Analysys,7
Analysys,Pushing,8
Pushing,Beyond,6
Beyond,Limits,6
Limits,HSDPA,6
HSDPA,Enhancements,12
Enhancements,WCDMA,12
WCDMA,Motorola,8
Motorola,HSDPA,8
HSDPA,Evolution,9
Evolution,Data,8
Data,Optimised,8
Optimised,US,9
US,Sprint,6
Sprint,EV-DO,6
EV-DO,Oliver,6
Oliver,Valente,6
Valente,Sprints,5
Sprints,Sprint,1
Sprint,EV-DO,6
EV-DO,Lucent,6
Lucent,Technologies,10
Technologies,Nortel,10
Nortel,Networks,6
Networks,Motorola,6
Motorola,MMO2,7
MMO2,UK-based,8
UK-based,UK,6
UK,Ireland,7
Ireland,Germany,5
Germany,HSDPA,7
HSDPA,Using,5
Using,Lucent,5
Lucent,Isle,5
Isle,Man,4
Man,US,3
US,Cingular,8
Cingular,Wireless,7
Wireless,HSDPA,8
HSDPA,Lucent,6
Lucent,Siemens,5
Siemens,Ericsson,7
Ericsson,Siemens,7
Siemens,Christoph,8
Christoph,Caselitz,8
Caselitz,Siemens,7
Siemens,Fraunhofer,10
Fraunhofer,German-Sino,9
German-Sino,Lab,10
Lab,Mobile,5
Mobile,Communications,12
Communications,Institute,12
Institute,Applied,8
Applied,Radio,6
Radio,System,6
System,Technology,10
Technology,Siemens,9
Siemens,Siemens,0
Consumer,RFID,8
RFID,Consumers,9
Consumers,ID,9
ID,Europe,6
Europe,UK,6
UK,France,6
France,Germany,5
Germany,Netherlands,7
Netherlands,Capgemini,9
Capgemini,RFID,9
RFID,RFID,0
RFID,Fifty,5
Fifty,RFID,5
RFID,Ard,4
Ard,Jan,3
Jan,Vetham,5
Vetham,Capgeminis,9
Capgeminis,RFID,10
RFID,RFID,0
RFID,RFID,0
RFID,RFID,0
RFID,Tesco,5
Tesco,UK,5
UK,M6,2
M6,Toll,4
Toll,Midlands,7
Midlands,UK,8
UK,Mr,2
Mr,Vetham,6
Vetham,RFID,6
RFID,Consumers,9
Consumers,Supermarket,9
Supermarket,Privacy,10
Privacy,Invasion,7
Invasion,Numbering,8
Numbering,RFID,9
Cell,Cell,0
Cell,IBM,4
IBM,Sony,4
Sony,PlayStation,9
PlayStation,Cell,11
Cell,Traditional,10
Traditional,PCs,11
PCs,PlayStation,10
PlayStation,Cell,11
Cell,Cell,0
Cell,Whilst,5
Whilst,Sonys,5
Sonys,Cell,5
Cell,Using,5
Using,XDR,5
XDR,American,8
American,Rambus,8
Rambus,Intel,6
Intel,Perhaps,7
Perhaps,Cells,5
Cells,DVD,5
DVD,Companies,9
Companies,Microsoft,9
Microsoft,Sony,8
Sony,TV,4
TV,Microsoft,9
Microsoft,Windows,7
Windows,Media,6
Media,Center,5
Center,PC,6
PC,Sony,4
Sony,PSX,4
PSX,PlayStation,9
PlayStation,Japan,8
Japan,PCs,5
PCs,Sony,4
Sony,IBM,4
IBM,PC,3
PC,Microsoft,9
Microsoft,Intel,9
Intel,Cell,4
Cell,TV,4
TV,PCs,3
PCs,Cell,4
Cell,Cell,0
Cell,Sony,4
Sony,Cells,5
Cells,Cell,1
Cell,Resources,8
Resources,Cells,7
Cells,TV,5
TV,Cell,4
Cell,Microsoft,9
Microsoft,Intel,9
Intel,Cell,4
Cell,Microsoft,9
Microsoft,Xbox,8
Xbox,Sonys,5
Sonys,Christmas,8
Christmas,Intel,8
Intel,Cell,4
Cell,PC,4
PC,Cell,4
Mobile,British,6
British,Sonaptic,7
Sonaptic,Firms,8
Firms,AM3D,5
AM3D,SRS,4
SRS,Sonaptics,8
Sonaptics,David,7
David,Monteith,7
Monteith,Sonaptic,6
Sonaptic,Japanese,7
Japanese,NTT,8
NTT,DoCoMo,6
DoCoMo,NEC,5
NEC,Fujitsu,7
Fujitsu,Mitsubishi,8
Mitsubishi,Japanese,9
Japanese,Yamaha,6
Yamaha,Rohm,5
Rohm,Sonaptics,8
Sonaptics,PCs,8
PCs,Mr,3
Mr,Monteith,7
Monteith,Dr,8
Dr,Alastair,7
Alastair,Sibbald,7
Sibbald,Sonaptics,8
Sonaptics,Mr,9
Mr,Montieth,7
Montieth,Sonaptic,6
Sonaptic,TV,8
TV,Driving,7
Driving,Sonaptic,8
Sonaptic,Mr,8
Mr,Montieth,7
Montieth,US,8
US,European,8
European,Vodafone,8
Vodafone,Japan,6
Japan,Japan,0
Japan,UK,5
EU,European,7
European,Parliament,8
Parliament,Politicians,8
Politicians,Hugo,11
Hugo,Lueders,6
Lueders,European,6
European,CompTIA,7
CompTIA,European,7
European,American,6
American,European,6
European,Polish,7
Polish,MEPs,5
MEPs,Also,4
Also,European,7
European,Legal,7
Legal,Affairs,6
Affairs,Committee,8
Committee,MEPs,9
MEPs,European,8
European,Parliament,8
Parliament,EU,10
EU,EU,0
IBM,Linux,5
Linux,IBM,5
IBM,Linux,5
Linux,Linux,0
Linux,IBM,5
IBM,Linux,5
Linux,IBM,5
IBM,IBM,0
IBM,Linux,5
Linux,Linux-based,6
Linux-based,IBMs,10
IBMs,Workplace,9
Workplace,Workplace,0
Workplace,One,8
One,Linux-based,9
Linux-based,Workplace,9
Workplace,Even,9
Even,IBM,4
IBM,Linux,5
Linux,Linux,0
Linux,Linux,0
Apple,Civil,5
Civil,Electronic,9
Electronic,Frontier,8
Frontier,Foundation,6
Foundation,US,10
US,Apple,5
Apple,Apple,0
Apple,Mac,5
Mac,Mini,3
Mini,EFF,4
EFF,Californias,11
Californias,Superior,9
Superior,Apple,7
Apple,American,7
American,EFF,8
EFF,Apple,5
Apple,Asteroid,7
Asteroid,Apple,7
Apple,ISPs,5
ISPs,EFF,4
EFF,Kurt,4
Kurt,Opsahl,6
Opsahl,First,6
First,Amendment,8
Amendment,Apple,7
Apple,December,7
December,Apple,7
Apple,Californian,11
Californian,AppleInsidercom,13
AppleInsidercom,PowerPageorg,13
PowerPageorg,Apple,11
Apple,Nfoxcom,7
Nfoxcom,PowerPages,10
PowerPages,Jason,9
Jason,O-Grady,7
O-Grady,EFF,7
EFF,Apple,5
Apple,Professor,8
Professor,Tom,8
Tom,Goldstein,8
Goldstein,Journalism,8
Journalism,School,9
School,University,10
University,California,8
California,Dan,8
Dan,Gillmor,7
Gillmor,Silicon,4
Silicon,Valley,6
Valley,Apple,4
Ask,Jeeves,6
Jeeves,Ask,6
Ask,Jeeves,6
Jeeves,Bloglines,7
Bloglines,Bloglines,0
Bloglines,Ask,9
Ask,Jeeves,6
Jeeves,Bloglines,7
Bloglines,Ask,9
Ask,Jeeves,6
Jeeves,Bloglines,7
Bloglines,Bloglines,0
Bloglines,Really,8
Really,Simple,5
Simple,Syndication,9
Syndication,Google,11
Google,Pyra,6
Pyra,Labs,4
Labs,Blogger,7
Blogger,MSN,7
MSN,Yahoo,5
Yahoo,Jim,5
Jim,Lanzone,7
Lanzone,Ask,7
Ask,Jeeves,6
Jeeves,US,6
US,Bloglines,9
Bloglines,Ask,9
Ask,Jeeves,6
Jeeves,Mr,6
Mr,Lanzone,7
Lanzone,Asks,7
Asks,Jeeves,5
Jeeves,RSS,6
RSS,Ask,3
Ask,Jeeves,6
Jeeves,Bloglines,7
Bloglines,Mr,9
Mr,Lanzone,7
Lanzone,Though,7
Though,Mr,6
Mr,Lanzone,7
Lanzone,Ask,7
Ask,Jeeves,6
Jeeves,Bloglines,7
Bloglines,Mr,9
Mr,Lanzone,7
Lanzone,Rumours,7
Rumours,Napsterization,13
Napsterization,Ask,13
Ask,Jeeves,6
Apple,Apple,0
Apple,Photo,5
Photo,Apple,5
Apple,Mike,4
Mike,McGuire,4
McGuire,Gartner,7
Gartner,BBC,7
BBC,News,4
News,Apple,5
Apple,Microsoft-partnered,17
Microsoft-partnered,Real,18
Real,Sony,4
Sony,Creative,8
Creative,Creative,0
Creative,Zen,7
Zen,Creative,7
Creative,Zen,7
Zen,Micro,5
Micro,Photo,4
Photo,Digital,6
Digital,Americans,7
Americans,Pew,8
Pew,Internet,7
Internet,American,7
American,Life,7
Life,Project,6
Project,One,6
One,US,3
US,Sales,5
Sales,US,5
US,Europe,6
Europe,IFPI,6
IFPI,Analysts,8
Analysts,People,8
People,DIY,6
DIY,According,9
According,Mr,8
Mr,McGuire,5
McGuire,Creative,6
Creative,Zens,7
Zens,Mobiles,6
Mobiles,Mr,6
Mr,McGuire,5
McGuire,Apple,6
Apple,Motorola,7
Motorola,Motorola,0
DVD,DVDs,1
DVDs,Macrovision,10
Macrovision,DVD,11
DVD,Macrovision,11
Macrovision,RipGuard,11
RipGuard,DVD,8
DVD,DVDs,1
DVDs,DVD,1
DVD,Macrovision,11
Macrovision,DVD,11
DVD,RipGuard,8
RipGuard,BBC,8
BBC,News,4
News,DVDs,3
DVDs,PCs,3
PCs,Linux,5
Linux,Hollywood,9
Hollywood,DVD,9
DVD,DVD,0
DVD,DVD,0
DVD,RipGuard,8
RipGuard,DVD,8
DVD,Steve,5
Steve,Weinstein,7
Weinstein,Macrovisions,10
Macrovisions,Entertainment,10
Entertainment,Technologies,12
Technologies,Group,11
Group,Macrovision,9
Macrovision,RipGuard,11
RipGuard,DVD,8
DVD,RipGuard,8
RipGuard,DVDs,8
DVDs,Macrovision,10
Macrovision,Rip,10
Rip,Guard,5
Millions,MP3,7
MP3,US,3
US,One,3
One,Americans,8
Americans,MP3,9
MP3,Pew,3
Pew,Internet,7
Internet,American,7
American,Life,7
Life,Project,6
Project,MP3,7
MP3,Americans,9
Americans,MP3,9
MP3,American,8
American,Americans,1
Americans,MP3,9
MP3,Broadband,9
Broadband,Almost,9
Almost,MP3,6
MP3,Almost,6
Almost,US,6
US,Sixteen,7
Sixteen,People,6
People,MP3,6
MP3,Lee,3
Lee,Rainie,5
Rainie,Pew,6
Pew,Internet,7
Internet,American,7
American,Life,7
Life,Project,6
US,US,0
US,Hewlett,7
Hewlett,Packard,7
Packard,Georgia,7
Georgia,US,7
US,HP,2
HP,February,8
February,HP,8
HP,HP,0
HP,Europe,6
Europe,Computeractive,11
Computeractive,Magazine,11
Magazine,UKs,8
UKs,Office,6
Office,Fair,5
Fair,Trading,5
